ИД,Име,Презиме,ОШ,Место,Општина,Шифра,Пријемни испит,Бод
1021862909,Алекса,Џелебџић,"ОШ ""Иван Вушовић""",Ражањ,Ражањ,ПЛ.01,Пријемни испит за упис у уметничку школу ликовне уметности,380.67
1097697609,Алекса,Чавић,"ОШ ""Иван Вушовић""",Ражањ,Ражањ,ПО.11,Пријемни испит за упис у одељење за ученике са посебним способностима за сценску и аудио-визуелну уметност,205
1014700909,Алекса,Црњаковић,"ОШ ""Иван Вушовић""",Ражањ,Ражањ,ПО.13,Пријемни испит за упис у школу у којој се део наставе остварује на страном језику - енглески језик,18.25
1088380509,Алекса,Цинцаревић,"ОШ ""Добрила Стамболић""",Сврљиг,Сврљиг,ПО.13,Пријемни испит за упис у школу у којој се део наставе остварује на страном језику - енглески језик,16.75
1015082709,Алекса,Цинцаревић,"ОШ ""Добрила Стамболић""",Сврљиг,Сврљиг,ПЛ.01,Пријемни испит за упис у уметничку школу ликовне уметности,456.66
1016707009,Алекса,Церовина,"ОШ ""Добрила Стамболић""",Сврљиг,Сврљиг,ПЛ.01,Пријемни испит за упис у уметничку школу ликовне уметности,415.99
1068366209,Ана,Цветковић,"ОШ ""Ђура Јакшић""",Јелашница,Нишка Бања,ПО.01,Пријемни испит за упис у одељење за ученике са посебним способностима за филолошке науке - енглески језик (тест на српском),184
1028717109,Ана,Цветковић,"ОШ ""Ђура Јакшић""",Јелашница,Нишка Бања,ПО.08,Пријемни испит за упис у одељење за ученике са посебним способностима за физику,190
1084892209,Ана,Цветковић,"ОШ ""Иван Горан Ковачић""",Нишка Бања,Нишка Бања,ПЛ.01,Пријемни испит за упис у уметничку школу ликовне уметности,424
1053345009,Ана-Мариа,Цветковић,"ОШ ""Иван Горан Ковачић""",Нишка Бања,Нишка Бања,ПЛ.01,Пријемни испит за упис у уметничку школу ликовне уметности,405.33
1041648509,Анастасија,Цветковић,"ОШ ""Иван Горан Ковачић""",Нишка Бања,Нишка Бања,ПЛ.01,Пријемни испит за упис у уметничку школу ликовне уметности,387.33
1036822209,Анастасија,Цветковић,"ОШ ""Иван Горан Ковачић""",Нишка Бања,Нишка Бања,ПО.12,Пријемни испит за упис у одељење за ученике са посебним способностима за рачунарство и информатику,144
1064393009,Анастасија,Цветковић,"ОШ ""Иван Горан Ковачић""",Нишка Бања,Нишка Бања,ПМ.01,Пријемни испит за упис у музичку школу на вокално-инструментални одсек - образовни профил музички извођач класичне музике,245
1064393009,Анастасија,Цветковић,"ОШ ""Иван Горан Ковачић""",Нишка Бања,Нишка Бања,ПМ.06,Пријемни испит за упис у музичку школу на одсек за музичку теорију - образовни профил музички сарадник,219
1033189909,Ангела,Цветковић,"ОШ ""Карађорђе""",Горњи Матејевац,Пантелеј,ПО.12,Пријемни испит за упис у одељење за ученике са посебним способностима за рачунарство и информатику,127
1044003309,Ангелина,Цветаноски,"ОШ ""Карађорђе""",Горњи Матејевац,Пантелеј,ПЛ.01,Пријемни испит за упис у уметничку школу ликовне уметности,293.67
1029924109,Ангелина,Цветаноски,"ОШ ""Карађорђе""",Горњи Матејевац,Пантелеј,ПО.10,Пријемни испит за упис у одељење за ученике са посебним способностима за географију и историју,200
1014353309,Ангелина,Цветановић,"ОШ ""Карађорђе""",Горњи Матејевац,Пантелеј,ПО.09,Пријемни испит за упис у одељење за ученике са посебним способностима за биологију и хемију,162
1019280909,Ангелина,Хорев,"ОШ ""Стеван Синђелић""",Каменица,Пантелеј,ПО.10,Пријемни испит за упис у одељење за ученике са посебним способностима за географију и историју,200
1066604209,Андреа,Хаџи-Танчић,"ОШ ""Јован Јовановић Змај""",Малча,Пантелеј,ПО.09,Пријемни испит за упис у одељење за ученике са посебним способностима за биологију и хемију,125
1073825109,Андреј,Филиповић,"ОШ ""Јован Јовановић Змај""",Малча,Пантелеј,ПЛ.01,Пријемни испит за упис у уметничку школу ликовне уметности,414.66
1019026609,Андреј,Филиповић,"ОШ ""Чегар""",Ниш - Пантелеј,Пантелеј,ПЛ.01,Пријемни испит за упис у уметничку школу ликовне уметности,432.66
1018055309,Андреј,Ћурчић,"ОШ ""Чегар""",Ниш - Пантелеј,Пантелеј,ПО.08,Пријемни испит за упис у одељење за ученике са посебним способностима за физику,206
1089472609,Андреј,Ћирковић,"ОШ ""Чегар""",Ниш - Пантелеј,Пантелеј,ПМ.01,Пријемни испит за упис у музичку школу на вокално-инструментални одсек - образовни профил музички извођач класичне музике,300
1046994509,Андреј,Ћирић,"ОШ ""Чегар""",Ниш - Пантелеј,Пантелеј,ПО.13,Пријемни испит за упис у школу у којој се део наставе остварује на страном језику - енглески језик,17.25
1027100409,Андреја,Труцић,"ОШ ""Чегар""",Ниш - Пантелеј,Пантелеј,ПО.10,Пријемни испит за упис у одељење за ученике са посебним способностима за географију и историју,170
1040022609,Андрија,Тричковић,"ОШ ""Чегар""",Ниш - Пантелеј,Пантелеј,ПЛ.01,Пријемни испит за упис у уметничку школу ликовне уметности,315.33
1075632309,Андрија,Трифуновић,"ОШ ""Чегар""",Ниш - Пантелеј,Пантелеј,ПО.08,Пријемни испит за упис у одељење за ученике са посебним способностима за физику,150
1094877009,Андрија,Трифуновић,"ОШ ""Чегар""",Ниш - Пантелеј,Пантелеј,ПО.08,Пријемни испит за упис у одељење за ученике са посебним способностима за физику,186
1077690209,Андрија,Тренкић,"ОШ ""Чегар""",Ниш - Пантелеј,Пантелеј,ПМ.01,Пријемни испит за упис у музичку школу на вокално-инструментални одсек - образовни профил музички извођач класичне музике,270
1077690209,Андрија,Трајковић,"ОШ ""Чегар""",Ниш - Пантелеј,Пантелеј,ПО.11,Пријемни испит за упис у одељење за ученике са посебним способностима за сценску и аудио-визуелну уметност,160
1080723709,Андрија,Трајковић,"ОШ ""Чегар""",Ниш - Пантелеј,Пантелеј,ПО.15,Пријемни испит за упис у школу у којој се део наставе остварује на страном језику - француски језик,18.25
1070524609,Андрија,Тошић,"ОШ ""Чегар""",Ниш - Пантелеј,Пантелеј,ПО.15,Пријемни испит за упис у школу у којој се део наставе остварује на страном језику - француски језик,15
1096090009,Анђела,Тошић,"ОШ ""Чегар""",Ниш - Пантелеј,Пантелеј,ПЛ.01,Пријемни испит за упис у уметничку школу ликовне уметности,398.34
1066657009,Анђела,Тошић,"ОШ ""Мирослав Антић""",Ниш - Пантелеј,Пантелеј,ПЛ.01,Пријемни испит за упис у уметничку школу ликовне уметности,386.33
1085619309,Анђела,Тодоровић,"ОШ ""Мирослав Антић""",Ниш - Пантелеј,Пантелеј,ПО.12,Пријемни испит за упис у одељење за ученике са посебним способностима за рачунарство и информатику,144
1095943009,Анђела,Тодоровић,"ОШ ""Мирослав Антић""",Ниш - Пантелеј,Пантелеј,ПМ.06,Пријемни испит за упис у музичку школу на одсек за музичку теорију - образовни профил музички сарадник,272
1095943009,Анђела,Тодоровић,"ОШ ""Мирослав Антић""",Ниш - Пантелеј,Пантелеј,ПЛ.01,Пријемни испит за упис у уметничку школу ликовне уметности,381.67
1053043909,Анђела,Тодоровић,"ОШ ""Мирослав Антић""",Ниш - Пантелеј,Пантелеј,ПО.15,Пријемни испит за упис у школу у којој се део наставе остварује на страном језику - француски језик,15
1054665409,Анђела,Тодоровић,"ОШ ""Мирослав Антић""",Ниш - Пантелеј,Пантелеј,ПЛ.01,Пријемни испит за упис у уметничку школу ликовне уметности,310
1092881809,Анђела,Тодоров,"ОШ ""Мирослав Антић""",Ниш - Пантелеј,Пантелеј,ПМ.01,Пријемни испит за упис у музичку школу на вокално-инструментални одсек - образовни профил музички извођач класичне музике,270
1026993909,Анђелија,Тасић,"ОШ ""Његош""",Ниш - Пантелеј,Пантелеј,ПО.13,Пријемни испит за упис у школу у којој се део наставе остварује на страном језику - енглески језик,17
1053357409,Анђелија,Тасић,"ОШ ""Његош""",Ниш - Пантелеј,Пантелеј,ПО.11,Пријемни испит за упис у одељење за ученике са посебним способностима за сценску и аудио-визуелну уметност,165
1079518309,Анђелија,Табаковић,"ОШ ""Његош""",Ниш - Пантелеј,Пантелеј,ПО.09,Пријемни испит за упис у одељење за ученике са посебним способностима за биологију и хемију,208
1067178409,Анђелија,Страхинић,"ОШ ""Његош""",Ниш - Пантелеј,Пантелеј,ПО.12,Пријемни испит за упис у одељење за ученике са посебним способностима за рачунарство и информатику,123
1042083009,Анђелина,Стошић,"ОШ ""Његош""",Ниш - Пантелеј,Пантелеј,ПО.01,Пријемни испит за упис у одељење за ученике са посебним способностима за филолошке науке - енглески језик (тест на српском),206
1027617309,Анђелина,Стојковић,"ОШ ""Његош""",Ниш - Пантелеј,Пантелеј,ПО.01,Пријемни испит за упис у одељење за ученике са посебним способностима за филолошке науке - енглески језик (тест на српском),153
1091808809,Анета,Стојковић,"ОШ ""Његош""",Ниш - Пантелеј,Пантелеј,ПО.10,Пријемни испит за упис у одељење за ученике са посебним способностима за географију и историју,124
1036397109,Анка,Стојковић,"ОШ ""Његош""",Ниш - Пантелеј,Пантелеј,ПЛ.01,Пријемни испит за упис у уметничку школу ликовне уметности,367
1067867109,Ања,Стојковић,"ОШ ""Његош""",Ниш - Пантелеј,Пантелеј,ПО.09,Пријемни испит за упис у одељење за ученике са посебним способностима за биологију и хемију,226
1076879309,Ања,Стојковић,"ОШ ""Његош""",Ниш - Пантелеј,Пантелеј,ПО.10,Пријемни испит за упис у одељење за ученике са посебним способностима за географију и историју,136
1028943909,Ања,Стојковић,"ОШ ""Његош""",Ниш - Пантелеј,Пантелеј,ПО.10,Пријемни испит за упис у одељење за ученике са посебним способностима за географију и историју,148
1012504309,Богдан,Стојичић,"ОШ ""Стефан Немања""",Ниш - Пантелеј,Пантелеј,ПО.12,Пријемни испит за упис у одељење за ученике са посебним способностима за рачунарство и информатику,136
1013696909,Богдан,Стојичић,"ОШ ""Стефан Немања""",Ниш - Пантелеј,Пантелеј,ПО.11,Пријемни испит за упис у одељење за ученике са посебним способностима за сценску и аудио-визуелну уметност,130
1013696909,Богдан,Стојичић,"ОШ ""Стефан Немања""",Ниш - Пантелеј,Пантелеј,ПО.01,Пријемни испит за упис у одељење за ученике са посебним способностима за филолошке науке - енглески језик (тест на српском),160
1016575009,Бојана,Стојиљковић,"ОШ ""Стефан Немања""",Ниш - Пантелеј,Пантелеј,ПО.09,Пријемни испит за упис у одељење за ученике са посебним способностима за биологију и хемију,205
1042354809,Борис,Стојиљковић,"ОШ ""Стефан Немања""",Ниш - Пантелеј,Пантелеј,ПО.12,Пријемни испит за упис у одељење за ученике са посебним способностима за рачунарство и информатику,135
1077312309,Борис,Стојиљковић,"ОШ ""Стефан Немања""",Ниш - Пантелеј,Пантелеј,ПЛ.01,Пријемни испит за упис у уметничку школу ликовне уметности,355.01
1015142609,Бранка,Стојанчић,"ОШ ""Стефан Немања""",Ниш - Пантелеј,Пантелеј,ПО.11,Пријемни испит за упис у одељење за ученике са посебним способностима за сценску и аудио-визуелну уметност,159
1021595309,Валентина,Стојановић,"ОШ ""Стефан Немања""",Ниш - Пантелеј,Пантелеј,ПО.01,Пријемни испит за упис у одељење за ученике са посебним способностима за филолошке науке - енглески језик (тест на српском),188
1013861609,Василија,Стојановић,"ОШ ""Стефан Немања""",Ниш - Пантелеј,Пантелеј,ПЛ.01,Пријемни испит за упис у уметничку школу ликовне уметности,429.33
1091071709,Василије,Стојановић,"ОШ ""Стефан Немања""",Ниш - Пантелеј,Пантелеј,ПО.10,Пријемни испит за упис у одељење за ученике са посебним способностима за географију и историју,150
1045788509,Василије,Стојановић,"ОШ ""Стефан Немања""",Ниш - Пантелеј,Пантелеј,ПО.08,Пријемни испит за упис у одељење за ученике са посебним способностима за физику,220
1032855909,Василије,Стојановић,"ОШ ""Стефан Немања""",Ниш - Пантелеј,Пантелеј,ПО.12,Пријемни испит за упис у одељење за ученике са посебним способностима за рачунарство и информатику,182
1083029609,Василије,Стојановић,"ОШ ""Стефан Немања""",Ниш - Пантелеј,Пантелеј,ПЛ.01,Пријемни испит за упис у уметничку школу ликовне уметности,324.67
1080843309,Василије,Стојановић,"ОШ ""Стефан Немања""",Ниш - Пантелеј,Пантелеј,ПО.12,Пријемни испит за упис у одељење за ученике са посебним способностима за рачунарство и информатику,126
1080889109,Вељко,Стојановић,"ОШ ""Стефан Немања""",Ниш - Пантелеј,Пантелеј,ПЛ.01,Пријемни испит за упис у уметничку школу ликовне уметности,319.66
1048315509,Вељко,Стојановић,"ОШ ""Стефан Немања""",Ниш - Пантелеј,Пантелеј,ПЛ.01,Пријемни испит за упис у уметничку школу ликовне уметности,401.34
1055429609,Вељко,Стојановић,"ОШ ""Стефан Немања""",Ниш - Пантелеј,Пантелеј,ПО.09,Пријемни испит за упис у одељење за ученике са посебним способностима за биологију и хемију,165
1055429609,Вељко,Стојановић,"ОШ ""Стефан Немања""",Ниш - Пантелеј,Пантелеј,ПО.13,Пријемни испит за упис у школу у којој се део наставе остварује на страном језику - енглески језик,18
1044922409,Вељко,Стојановић,"ОШ ""Стефан Немања""",Ниш - Пантелеј,Пантелеј,ПЛ.01,Пријемни испит за упис у уметничку школу ликовне уметности,435
1095201109,Вељко,Стојановић,"ОШ ""Милан Ракић""",Медошевац,Црвени крст,ПЛ.01,Пријемни испит за упис у уметничку школу ликовне уметности,465.67
1021417809,Вера,Стојановић,"ОШ ""Војислав Илић Млађи""",Хум,Црвени крст,ПО.12,Пријемни испит за упис у одељење за ученике са посебним способностима за рачунарство и информатику,162
1094193109,Вера,Стојановић,"ОШ ""Иво Андрић""",Ниш - Црвени крст,Црвени крст,ПМ.01,Пријемни испит за упис у музичку школу на вокално-инструментални одсек - образовни профил музички извођач класичне музике,245
1094193109,Видак,Стојановић,"ОШ ""Иво Андрић""",Ниш - Црвени крст,Црвени крст,ПМ.06,Пријемни испит за упис у музичку школу на одсек за музичку теорију - образовни профил музички сарадник,225
1075847809,Виктор,Стојановић,"ОШ ""Иво Андрић""",Ниш - Црвени крст,Црвени крст,ПО.13,Пријемни испит за упис у школу у којој се део наставе остварује на страном језику - енглески језик,17
1038992309,Виолета,Стојановић,"ОШ ""Иво Андрић""",Ниш - Црвени крст,Црвени крст,ПО.12,Пријемни испит за упис у одељење за ученике са посебним способностима за рачунарство и информатику,143
1035391109,Вишња,Стојановић,"ОШ ""Иво Андрић""",Ниш - Црвени крст,Црвени крст,ПО.11,Пријемни испит за упис у одељење за ученике са посебним способностима за сценску и аудио-визуелну уметност,160
1028761809,Владана,Стојановић,"ОШ ""Иво Андрић""",Ниш - Црвени крст,Црвени крст,ПО.13,Пријемни испит за упис у школу у којој се део наставе остварује на страном језику - енглески језик,18.75
1033826709,Владимир,Стоиљковић,"ОШ ""Иво Андрић""",Ниш - Црвени крст,Црвени крст,ПО.01,Пријемни испит за упис у одељење за ученике са посебним способностима за филолошке науке - енглески језик (тест на српском),192
1097180509,Воислав Тома,Стоиљковић,"ОШ ""Иво Андрић""",Ниш - Црвени крст,Црвени крст,ПМ.01,Пријемни испит за упис у музичку школу на вокално-инструментални одсек - образовни профил музички извођач класичне музике,224
1028479109,Воислав Тома,Стефановић,"ОШ ""Десанка Максимовић""",Чокот,Палилула (Ниш),ПЛ.01,Пријемни испит за упис у уметничку школу ликовне уметности,335.67
1043003709,Војин,Стефановић,"ОШ ""Десанка Максимовић""",Чокот,Палилула (Ниш),ПО.12,Пријемни испит за упис у одељење за ученике са посебним способностима за рачунарство и информатику,138
1061834609,Војин,Стевановић,"ОШ ""Десанка Максимовић""",Чокот,Палилула (Ниш),ПМ.06,Пријемни испит за упис у музичку школу на одсек за музичку теорију - образовни профил музички сарадник,268
1055830309,Војин,Стевановић,"ОШ ""Бранко Миљковић""",Ниш - Палилула,Палилула (Ниш),ПЛ.01,Пријемни испит за упис у уметничку школу ликовне уметности,440.67
1076393009,Вук,Стевановић,"ОШ ""Бранко Миљковић""",Ниш - Палилула,Палилула (Ниш),ПО.01,Пријемни испит за упис у одељење за ученике са посебним способностима за филолошке науке - енглески језик (тест на српском),158
1060544709,Вук,Стевановић,"ОШ ""Бранко Миљковић""",Ниш - Палилула,Палилула (Ниш),ПО.10,Пријемни испит за упис у одељење за ученике са посебним способностима за географију и историју,200
1021499209,Вук,Стевановић,"ОШ ""Бранко Миљковић""",Ниш - Палилула,Палилула (Ниш),ПО.13,Пријемни испит за упис у школу у којој се део наставе остварује на страном језику - енглески језик,17.75
1078322009,Вук,Стевановић,"ОШ ""Бранко Миљковић""",Ниш - Палилула,Палилула (Ниш),ПЛ.01,Пријемни испит за упис у уметничку школу ликовне уметности,437.67
1025092609,Вук,Станчуловић,"ОШ ""Бранко Миљковић""",Ниш - Палилула,Палилула (Ниш),ПЛ.01,Пријемни испит за упис у уметничку школу ликовне уметности,379.33
1048014809,Вукашин,Станојевић,"ОШ ""Бранко Миљковић""",Ниш - Палилула,Палилула (Ниш),ПО.13,Пријемни испит за упис у школу у којој се део наставе остварује на страном језику - енглески језик,16.25
1075944609,Вукашин,Станојевић,"ОШ ""Бранко Миљковић""",Ниш - Палилула,Палилула (Ниш),ПО.12,Пријемни испит за упис у одељење за ученике са посебним способностима за рачунарство и информатику,130
1089238709,Вукашин,Станковић,"ОШ ""Бранко Миљковић""",Ниш - Палилула,Палилула (Ниш),ПЛ.01,Пријемни испит за упис у уметничку школу ликовне уметности,413
1083299409,Вукашин,Станковић,"ОШ ""Бранко Миљковић""",Ниш - Палилула,Палилула (Ниш),ПО.08,Пријемни испит за упис у одељење за ученике са посебним способностима за физику,212
1023490909,Вукашин,Станковић,"ОШ ""Бранко Миљковић""",Ниш - Палилула,Палилула (Ниш),ПО.13,Пријемни испит за упис у школу у којој се део наставе остварује на страном језику - енглески језик,18.25
1023490909,Гала,Станковић,"ОШ ""Бранко Миљковић""",Ниш - Палилула,Палилула (Ниш),ПЛ.01,Пријемни испит за упис у уметничку школу ликовне уметности,385.33
1030564209,Давид,Станковић,"ОШ ""Сретен Младеновић Мика""",Ниш - Палилула,Палилула (Ниш),ПО.09,Пријемни испит за упис у одељење за ученике са посебним способностима за биологију и хемију,212
1078688009,Давор,Станковић,"ОШ ""Сретен Младеновић Мика""",Ниш - Палилула,Палилула (Ниш),ПО.09,Пријемни испит за упис у одељење за ученике са посебним способностима за биологију и хемију,224
1071034509,Давор,Станковић,"ОШ ""Сретен Младеновић Мика""",Ниш - Палилула,Палилула (Ниш),ПО.10,Пријемни испит за упис у одељење за ученике са посебним способностима за географију и историју,220
1064482009,Дамјан,Станковић,"ОШ ""Сретен Младеновић Мика""",Ниш - Палилула,Палилула (Ниш),ПО.09,Пријемни испит за упис у одељење за ученике са посебним способностима за биологију и хемију,210
1058363609,Дамјан,Станковић,"ОШ ""Сретен Младеновић Мика""",Ниш - Палилула,Палилула (Ниш),ПО.10,Пријемни испит за упис у одељење за ученике са посебним способностима за географију и историју,200
1056229909,Данило,Станковић,"ОШ ""Сретен Младеновић Мика""",Ниш - Палилула,Палилула (Ниш),ПО.10,Пријемни испит за упис у одељење за ученике са посебним способностима за географију и историју,220
1033001209,Данило,Станковић,"ОШ ""Сретен Младеновић Мика""",Ниш - Палилула,Палилула (Ниш),ПО.01,Пријемни испит за упис у одељење за ученике са посебним способностима за филолошке науке - енглески језик (тест на српском),152
1018012209,Данило,Станковић,"ОШ ""Коле Рашић""",Ниш - Палилула,Палилула (Ниш),ПО.01,Пријемни испит за упис у одељење за ученике са посебним способностима за филолошке науке - енглески језик (тест на српском),139
1018012209,Даница,Станковић,"ОШ ""Коле Рашић""",Ниш - Палилула,Палилула (Ниш),ПО.13,Пријемни испит за упис у школу у којој се део наставе остварује на страном језику - енглески језик,17.75
1065298809,Даница,Станковић,"ОШ ""Коле Рашић""",Ниш - Палилула,Палилула (Ниш),ПМ.01,Пријемни испит за упис у музичку школу на вокално-инструментални одсек - образовни профил музички извођач класичне музике,279
1026834509,Даница,Станковић,"ОШ ""Коле Рашић""",Ниш - Палилула,Палилула (Ниш),ПО.01,Пријемни испит за упис у одељење за ученике са посебним способностима за филолошке науке - енглески језик (тест на српском),213
1050523109,Даница,Станисављевић,"ОШ ""Коле Рашић""",Ниш - Палилула,Палилула (Ниш),ПО.10,Пријемни испит за упис у одељење за ученике са посебним способностима за географију и историју,123
1055931409,Даница,Станимировић,"ОШ ""Коле Рашић""",Ниш - Палилула,Палилула (Ниш),ПО.13,Пријемни испит за упис у школу у којој се део наставе остварује на страном језику - енглески језик,16.25
1048597109,Даница,Станимировић,"ОШ ""Коле Рашић""",Ниш - Палилула,Палилула (Ниш),ПО.12,Пријемни испит за упис у одељење за ученике са посебним способностима за рачунарство и информатику,137
1077313509,Данка,Стаменковић,"ОШ ""Бубањски хероји""",Ниш - Палилула,Палилула (Ниш),ПЛ.01,Пријемни испит за упис у уметничку школу ликовне уметности,344.01
1024608909,Дара,Стаменковић,"ОШ ""Бубањски хероји""",Ниш - Палилула,Палилула (Ниш),ПЛ.01,Пријемни испит за упис у уметничку школу ликовне уметности,367.67
1016891609,Дарија,Стаменковић,"ОШ ""Бубањски хероји""",Ниш - Палилула,Палилула (Ниш),ПО.10,Пријемни испит за упис у одељење за ученике са посебним способностима за географију и историју,180
1060404909,Дарко,Ставрић,"ОШ ""Бубањски хероји""",Ниш - Палилула,Палилула (Ниш),ПЛ.01,Пријемни испит за упис у уметничку школу ликовне уметности,368.66
1084677109,Димитрије,Србиноска,"ОШ ""Бубањски хероји""",Ниш - Палилула,Палилула (Ниш),ПО.07,Пријемни испит за упис у одељење за ученике са посебним способностима за математику,120
1065189509,Димитрије,Спасић,"ОШ ""Бубањски хероји""",Ниш - Палилула,Палилула (Ниш),ПО.10,Пријемни испит за упис у одељење за ученике са посебним способностима за географију и историју,150
1033968309,Димитрије,Спасић,"ОШ ""Бубањски хероји""",Ниш - Палилула,Палилула (Ниш),ПО.10,Пријемни испит за упис у одељење за ученике са посебним способностима за географију и историју,180
1080447809,Димитрије,Спасић,"ОШ ""Бубањски хероји""",Ниш - Палилула,Палилула (Ниш),ПО.15,Пријемни испит за упис у школу у којој се део наставе остварује на страном језику - француски језик,19
1037095009,Димитрије,Спасић,"ОШ ""Бубањски хероји""",Ниш - Палилула,Палилула (Ниш),ПО.09,Пријемни испит за упис у одељење за ученике са посебним способностима за биологију и хемију,165
1030092009,Димитрије,Спасић,"ОШ ""Краљ Петар I""",Ниш - Палилула,Палилула (Ниш),ПЛ.01,Пријемни испит за упис у уметничку школу ликовне уметности,343.34
1085762409,Димитрије,Спаић,"ОШ ""Краљ Петар I""",Ниш - Палилула,Палилула (Ниш),ПО.10,Пријемни испит за упис у одељење за ученике са посебним способностима за географију и историју,164
1044991509,Дуња,Симоновић,"ОШ ""Краљ Петар I""",Ниш - Палилула,Палилула (Ниш),ПО.12,Пријемни испит за упис у одељење за ученике са посебним способностима за рачунарство и информатику,157
1057350309,Дуња,Симоновић,"ОШ ""Краљ Петар I""",Ниш - Палилула,Палилула (Ниш),ПЛ.01,Пријемни испит за упис у уметничку школу ликовне уметности,373.33
1053672309,Дуња,Симић,"ОШ ""Краљ Петар I""",Ниш - Палилула,Палилула (Ниш),ПО.13,Пријемни испит за упис у школу у којој се део наставе остварује на страном језику - енглески језик,14.75
1063191609,Дуња,Сибиновић,"ОШ ""Краљ Петар I""",Ниш - Палилула,Палилула (Ниш),ПЛ.01,Пријемни испит за упис у уметничку школу ликовне уметности,398.99
1016483509,Дуња,Самарџија,"ОШ ""Краљ Петар I""",Ниш - Палилула,Палилула (Ниш),ПМ.06,Пријемни испит за упис у музичку школу на одсек за музичку теорију - образовни профил музички сарадник,258
1016483509,Дуња,Росић,"ОШ ""Краљ Петар I""",Ниш - Палилула,Палилула (Ниш),ПМ.01,Пријемни испит за упис у музичку школу на вокално-инструментални одсек - образовни профил музички извођач класичне музике,215
1090544409,Дуња,Ристић,"ОШ ""Краљ Петар I""",Ниш - Палилула,Палилула (Ниш),ПО.10,Пријемни испит за упис у одељење за ученике са посебним способностима за географију и историју,180
1060459509,Дуња,Ристић,"ОШ ""Краљ Петар I""",Ниш - Палилула,Палилула (Ниш),ПЛ.01,Пријемни испит за упис у уметничку школу ликовне уметности,439.33
1083459209,Дуња,Ристић,"ОШ ""Десанка Максимовић""",Чокот,Палилула (Ниш),ПЛ.01,Пријемни испит за упис у уметничку школу ликовне уметности,325.34
1060585509,Дуња,Ристић,"Гимназија ""Светозар Марковић""",Ниш - Палилула,Палилула (Ниш),ПО.07,Пријемни испит за упис у одељење за ученике са посебним способностима за математику,120
1060585509,Дуња,Ристић,"Гимназија ""Светозар Марковић""",Ниш - Палилула,Палилула (Ниш),ПО.12,Пријемни испит за упис у одељење за ученике са посебним способностима за рачунарство и информатику,198
1033201409,Душан,Ристић,"Гимназија ""Светозар Марковић""",Ниш - Палилула,Палилула (Ниш),ПО.07,Пријемни испит за упис у одељење за ученике са посебним способностима за математику,180
1033201409,Душан,Ристић,"Гимназија ""Светозар Марковић""",Ниш - Палилула,Палилула (Ниш),ПО.08,Пријемни испит за упис у одељење за ученике са посебним способностима за физику,240
1065771409,Душан,Ристић,"Гимназија ""Светозар Марковић""",Ниш - Палилула,Палилула (Ниш),ПО.08,Пријемни испит за упис у одељење за ученике са посебним способностима за физику,127
1065771409,Душан,Ранђеловић,"Гимназија ""Светозар Марковић""",Ниш - Палилула,Палилула (Ниш),ПО.07,Пријемни испит за упис у одељење за ученике са посебним способностима за математику,140
1076882009,Душан,Ранђеловић,"Гимназија ""Светозар Марковић""",Ниш - Палилула,Палилула (Ниш),ПО.07,Пријемни испит за упис у одељење за ученике са посебним способностима за математику,160
1076882009,Ђорђе,Ранђеловић,"Гимназија ""Светозар Марковић""",Ниш - Палилула,Палилула (Ниш),ПО.08,Пријемни испит за упис у одељење за ученике са посебним способностима за физику,218
1033604109,Ђорђе,Ранђеловић,"Гимназија ""Светозар Марковић""",Ниш - Палилула,Палилула (Ниш),ПО.08,Пријемни испит за упис у одељење за ученике са посебним способностима за физику,240
1033604109,Ђорђе,Ранђеловић,"Гимназија ""Светозар Марковић""",Ниш - Палилула,Палилула (Ниш),ПО.07,Пријемни испит за упис у одељење за ученике са посебним способностима за математику,220
1095688209,Ђорђе,Ранђел,"Гимназија ""Светозар Марковић""",Ниш - Палилула,Палилула (Ниш),ПО.12,Пријемни испит за упис у одељење за ученике са посебним способностима за рачунарство и информатику,126
1070635709,Ђорђе,Ракић,"Гимназија ""Светозар Марковић""",Ниш - Палилула,Палилула (Ниш),ПО.12,Пријемни испит за упис у одељење за ученике са посебним способностима за рачунарство и информатику,143
1054080409,Ђорђе,Рајковић,"Гимназија ""Светозар Марковић""",Ниш - Палилула,Палилула (Ниш),ПО.12,Пријемни испит за упис у одељење за ученике са посебним способностима за рачунарство и информатику,126
1054080409,Ђурђа,Рајковић,"Гимназија ""Светозар Марковић""",Ниш - Палилула,Палилула (Ниш),ПО.07,Пријемни испит за упис у одељење за ученике са посебним способностима за математику,120
1044830409,Ђурђа,Радукић,"Гимназија ""Светозар Марковић""",Ниш - Палилула,Палилула (Ниш),ПО.08,Пријемни испит за упис у одељење за ученике са посебним способностима за физику,131
1052505409,Ђурђија,Радосављевић,"Гимназија ""Светозар Марковић""",Ниш - Палилула,Палилула (Ниш),ПО.08,Пријемни испит за упис у одељење за ученике са посебним способностима за физику,120
1013024909,Ева,Радоњић,"Гимназија ""Светозар Марковић""",Ниш - Палилула,Палилула (Ниш),ПО.13,Пријемни испит за упис у школу у којој се део наставе остварује на страном језику - енглески језик,16.5
1034736209,Ева,Радовић,"Гимназија ""Светозар Марковић""",Ниш - Палилула,Палилула (Ниш),ПО.07,Пријемни испит за упис у одељење за ученике са посебним способностима за математику,120
1073638409,Екатарина,Радовановић,"ОШ ""Др Зоран Ђинђић""",Брзи Брод,Медијана,ПЛ.01,Пријемни испит за упис у уметничку школу ликовне уметности,374.67
1018923409,Елена,Радивојевић,"ОШ ""Др Зоран Ђинђић""",Брзи Брод,Медијана,ПО.01,Пријемни испит за упис у одељење за ученике са посебним способностима за филолошке науке - енглески језик (тест на српском),191
1061000809,Елена,Радивојевић,"ОШ ""Др Зоран Ђинђић""",Брзи Брод,Медијана,ПЛ.01,Пријемни испит за упис у уметничку школу ликовне уметности,410.34
1014948109,Елена,Раденковић,"ОШ ""Др Зоран Ђинђић""",Брзи Брод,Медијана,ПЛ.01,Пријемни испит за упис у уметничку школу ликовне уметности,415.66
1034261509,Елена,Продановић,"ОШ ""Др Зоран Ђинђић""",Брзи Брод,Медијана,ПО.01,Пријемни испит за упис у одељење за ученике са посебним способностима за филолошке науке - енглески језик (тест на српском),203
1034261509,Елеонора,Потић,"ОШ ""Др Зоран Ђинђић""",Брзи Брод,Медијана,ПО.12,Пријемни испит за упис у одељење за ученике са посебним способностима за рачунарство и информатику,145
1065261809,Елизавета,Поповић,"ОШ ""Др Зоран Ђинђић""",Брзи Брод,Медијана,ПМ.01,Пријемни испит за упис у музичку школу на вокално-инструментални одсек - образовни профил музички извођач класичне музике,252
1043626509,Ема,Поповић,"ОШ ""Доситеј Обрадовић""",Ниш (Медијана),Медијана,ПЛ.01,Пријемни испит за упис у уметничку школу ликовне уметности,340.33
1051195509,Ема,Поповић,"ОШ ""Доситеј Обрадовић""",Ниш (Медијана),Медијана,ПМ.06,Пријемни испит за упис у музичку школу на одсек за музичку теорију - образовни профил музички сарадник,224
1035834309,Ема,Поповић,"ОШ ""Доситеј Обрадовић""",Ниш (Медијана),Медијана,ПО.12,Пријемни испит за упис у одељење за ученике са посебним способностима за рачунарство и информатику,126
1052872609,Емилија,Пешић,"ОШ ""Доситеј Обрадовић""",Ниш (Медијана),Медијана,ПЛ.01,Пријемни испит за упис у уметничку школу ликовне уметности,418.34
1020474809,Емилија,Пешић,"ОШ ""Доситеј Обрадовић""",Ниш (Медијана),Медијана,ПЛ.01,Пријемни испит за упис у уметничку школу ликовне уметности,343
1058385809,Зоја,Пешић,"ОШ ""Доситеј Обрадовић""",Ниш (Медијана),Медијана,ПО.13,Пријемни испит за упис у школу у којој се део наставе остварује на страном језику - енглески језик,16
1088911609,Зорана,Пешић,"ОШ ""Доситеј Обрадовић""",Ниш (Медијана),Медијана,ПМ.06,Пријемни испит за упис у музичку школу на одсек за музичку теорију - образовни профил музички сарадник,295
1031835609,Ива,Пешић,"ОШ ""Доситеј Обрадовић""",Ниш (Медијана),Медијана,ПО.15,Пријемни испит за упис у школу у којој се део наставе остварује на страном језику - француски језик,14
1071589809,Ива,Пешић,"ОШ ""Радоје Домановић""",Ниш (Медијана),Медијана,ПО.01,Пријемни испит за упис у одељење за ученике са посебним способностима за филолошке науке - енглески језик (тест на српском),160
1097501009,Ива,Пешић,"ОШ ""Радоје Домановић""",Ниш (Медијана),Медијана,ПО.10,Пријемни испит за упис у одељење за ученике са посебним способностима за географију и историју,180
1037246409,Ива,Петронијевић,"ОШ ""Радоје Домановић""",Ниш (Медијана),Медијана,ПМ.01,Пријемни испит за упис у музичку школу на вокално-инструментални одсек - образовни профил музички извођач класичне музике,294
1047459709,Ива,Петровић,"ОШ ""Радоје Домановић""",Ниш (Медијана),Медијана,ПО.11,Пријемни испит за упис у одељење за ученике са посебним способностима за сценску и аудио-визуелну уметност,130
1049189009,Ива,Петровић,"ОШ ""Радоје Домановић""",Ниш (Медијана),Медијана,ПО.13,Пријемни испит за упис у школу у којој се део наставе остварује на страном језику - енглески језик,18.25
1049189009,Ива,Петровић,"ОШ ""Радоје Домановић""",Ниш (Медијана),Медијана,ПО.12,Пријемни испит за упис у одељење за ученике са посебним способностима за рачунарство и информатику,165
1057334209,Ива,Петровић,"ОШ ""Радоје Домановић""",Ниш (Медијана),Медијана,ПО.11,Пријемни испит за упис у одељење за ученике са посебним способностима за сценску и аудио-визуелну уметност,120
1094096309,Ива,Петровић,"ОШ ""Радоје Домановић""",Ниш (Медијана),Медијана,ПО.13,Пријемни испит за упис у школу у којој се део наставе остварује на страном језику - енглески језик,17.5
1014456109,Иван,Петровић,"ОШ ""Радоје Домановић""",Ниш (Медијана),Медијана,ПЛ.01,Пријемни испит за упис у уметничку школу ликовне уметности,451
1093882809,Игњат,Петровић,"ОШ ""Радоје Домановић""",Ниш (Медијана),Медијана,ПО.11,Пријемни испит за упис у одељење за ученике са посебним способностима за сценску и аудио-визуелну уметност,200
1093882809,Илија,Петровић,"ОШ ""Радоје Домановић""",Ниш (Медијана),Медијана,ПО.10,Пријемни испит за упис у одељење за ученике са посебним способностима за географију и историју,163
1037802509,Илија,Петровић,"ОШ ""Радоје Домановић""",Ниш (Медијана),Медијана,ПО.13,Пријемни испит за упис у школу у којој се део наставе остварује на страном језику - енглески језик,16
1052053509,Илија,Петровић,"ОШ ""Радоје Домановић""",Ниш (Медијана),Медијана,ПО.13,Пријемни испит за упис у школу у којој се део наставе остварује на страном језику - енглески језик,14
1047367409,Илија,Петровић,"ОШ ""Радоје Домановић""",Ниш (Медијана),Медијана,ПО.15,Пријемни испит за упис у школу у којој се део наставе остварује на страном језику - француски језик,20
1042145209,Илија,Петровић,"ОШ ""Радоје Домановић""",Ниш (Медијана),Медијана,ПО.11,Пријемни испит за упис у одељење за ученике са посебним способностима за сценску и аудио-визуелну уметност,149
1046056809,Илија,Петровић,"ОШ ""Радоје Домановић""",Ниш (Медијана),Медијана,ПО.13,Пријемни испит за упис у школу у којој се део наставе остварује на страном језику - енглески језик,14
1049105809,Исидора,Петковић,"ОШ ""Радоје Домановић""",Ниш (Медијана),Медијана,ПО.01,Пријемни испит за упис у одељење за ученике са посебним способностима за филолошке науке - енглески језик (тест на српском),192
1063969709,Исидора,Петковић,"ОШ ""Радоје Домановић""",Ниш (Медијана),Медијана,ПО.11,Пријемни испит за упис у одељење за ученике са посебним способностима за сценску и аудио-визуелну уметност,160
1031651509,Јаков,Петковић,"ОШ ""Ратко Вукићевић""",Ниш (Медијана),Медијана,ПО.09,Пријемни испит за упис у одељење за ученике са посебним способностима за биологију и хемију,207
1031651509,Јаков,Петковић,"ОШ ""Ратко Вукићевић""",Ниш (Медијана),Медијана,ПО.12,Пријемни испит за упис у одељење за ученике са посебним способностима за рачунарство и информатику,126
1093224009,Јана,Петковић,"ОШ ""Ратко Вукићевић""",Ниш (Медијана),Медијана,ПО.01,Пријемни испит за упис у одељење за ученике са посебним способностима за филолошке науке - енглески језик (тест на српском),196
1026086709,Јана,Перић,"ОШ ""Ратко Вукићевић""",Ниш (Медијана),Медијана,ПО.13,Пријемни испит за упис у школу у којој се део наставе остварује на страном језику - енглески језик,17
1087406409,Јана,Перић,"ОШ ""Ратко Вукићевић""",Ниш (Медијана),Медијана,ПО.01,Пријемни испит за упис у одељење за ученике са посебним способностима за филолошке науке - енглески језик (тест на српском),191
1026405409,Јана,Пејчић,"ОШ ""Ратко Вукићевић""",Ниш (Медијана),Медијана,ПО.01,Пријемни испит за упис у одељење за ученике са посебним способностима за филолошке науке - енглески језик (тест на српском),162
1026405409,Јана,Пејчић,"ОШ ""Ратко Вукићевић""",Ниш (Медијана),Медијана,ПО.13,Пријемни испит за упис у школу у којој се део наставе остварује на страном језику - енглески језик,16.75
1018717009,Јана,Пејчић,"ОШ ""Ратко Вукићевић""",Ниш (Медијана),Медијана,ПО.12,Пријемни испит за упис у одељење за ученике са посебним способностима за рачунарство и информатику,152
1078949809,Јанко,Пејчић,"ОШ ""Ратко Вукићевић""",Ниш (Медијана),Медијана,ПО.01,Пријемни испит за упис у одељење за ученике са посебним способностима за филолошке науке - енглески језик (тест на српском),169
1033824309,Јанко,Пејковић,"ОШ ""Ратко Вукићевић""",Ниш (Медијана),Медијана,ПО.12,Пријемни испит за упис у одељење за ученике са посебним способностима за рачунарство и информатику,130
1036750609,Јанко,Пантић,"ОШ ""Ратко Вукићевић""",Ниш (Медијана),Медијана,ПО.12,Пријемни испит за упис у одељење за ученике са посебним способностима за рачунарство и информатику,144
1093347509,Јанко,Панић,"ОШ ""Ратко Вукићевић""",Ниш (Медијана),Медијана,ПЛ.01,Пријемни испит за упис у уметничку школу ликовне уметности,405.33
1025522209,Јанко,Панић,"ОШ ""Ратко Вукићевић""",Ниш (Медијана),Медијана,ПО.13,Пријемни испит за упис у школу у којој се део наставе остварује на страном језику - енглески језик,16
1020443909,Јања,Паламаревић,"ОШ ""Ратко Вукићевић""",Ниш (Медијана),Медијана,ПО.10,Пријемни испит за упис у одељење за ученике са посебним способностима за географију и историју,220
1061409009,Јања,Пајкић,"ОШ ""Ратко Вукићевић""",Ниш (Медијана),Медијана,ПО.13,Пријемни испит за упис у школу у којој се део наставе остварује на страном језику - енглески језик,16.75
1053642509,Јелена,Павловић,"ОШ ""Ратко Вукићевић""",Ниш (Медијана),Медијана,ПО.09,Пријемни испит за упис у одељење за ученике са посебним способностима за биологију и хемију,226
1092746809,Јелка,Павловић,"ОШ ""Ратко Вукићевић""",Ниш (Медијана),Медијана,ПО.12,Пријемни испит за упис у одељење за ученике са посебним способностима за рачунарство и информатику,135
1054894909,Јелка,Павловић,"ОШ ""Ратко Вукићевић""",Ниш (Медијана),Медијана,ПО.12,Пријемни испит за упис у одељење за ученике са посебним способностима за рачунарство и информатику,132
1080846709,Јован,Павловић,"ОШ ""Ратко Вукићевић""",Ниш (Медијана),Медијана,ПЛ.01,Пријемни испит за упис у уметничку школу ликовне уметности,364.66
1025785409,Јован,Павловић,"ОШ ""Ратко Вукићевић""",Ниш (Медијана),Медијана,ПО.11,Пријемни испит за упис у одељење за ученике са посебним способностима за сценску и аудио-визуелну уметност,120
1049204709,Јован,Обрадовић,"ОШ ""Ратко Вукићевић""",Ниш (Медијана),Медијана,ПЛ.01,Пријемни испит за упис у уметничку школу ликовне уметности,424.33
1011354409,Јована,Обрадовић,"ОШ ""Ратко Вукићевић""",Ниш (Медијана),Медијана,ПО.08,Пријемни испит за упис у одељење за ученике са посебним способностима за физику,216
1013812809,Јована,Новачикић,"ОШ ""Вожд Карађорђе""",Ниш (Медијана),Медијана,ПО.10,Пријемни испит за упис у одељење за ученике са посебним способностима за географију и историју,120
1066612509,Јована,Новаков,"ОШ ""Вожд Карађорђе""",Ниш (Медијана),Медијана,ПЛ.01,Пријемни испит за упис у уметничку школу ликовне уметности,450.66
1093054809,Јована,Ничковић,"ОШ ""Вожд Карађорђе""",Ниш (Медијана),Медијана,ПО.13,Пријемни испит за упис у школу у којој се део наставе остварује на страном језику - енглески језик,16.5
1093054809,Јована,Николић,"ОШ ""Вожд Карађорђе""",Ниш (Медијана),Медијана,ПО.12,Пријемни испит за упис у одељење за ученике са посебним способностима за рачунарство и информатику,144
1097671009,Јована,Николић,"ОШ ""Вожд Карађорђе""",Ниш (Медијана),Медијана,ПО.12,Пријемни испит за упис у одељење за ученике са посебним способностима за рачунарство и информатику,122
1069495909,Јована,Николић,"ОШ ""Вожд Карађорђе""",Ниш (Медијана),Медијана,ПЛ.01,Пријемни испит за упис у уметничку школу ликовне уметности,409.01
1098714409,Јулија,Николић,"ОШ ""Вожд Карађорђе""",Ниш (Медијана),Медијана,ПО.10,Пријемни испит за упис у одељење за ученике са посебним способностима за географију и историју,160
1078647609,Катарина,Николић,"ОШ ""Вожд Карађорђе""",Ниш (Медијана),Медијана,ПО.10,Пријемни испит за упис у одељење за ученике са посебним способностима за географију и историју,135
1093184709,Катарина,Николић,"ОШ ""Вожд Карађорђе""",Ниш (Медијана),Медијана,ПО.12,Пријемни испит за упис у одељење за ученике са посебним способностима за рачунарство и информатику,170
1066819909,Катарина,Николић,"ОШ ""Вожд Карађорђе""",Ниш (Медијана),Медијана,ПМ.01,Пријемни испит за упис у музичку школу на вокално-инструментални одсек - образовни профил музички извођач класичне музике,285
1062105709,Катарина,Николић,"ОШ ""Вожд Карађорђе""",Ниш (Медијана),Медијана,ПО.10,Пријемни испит за упис у одељење за ученике са посебним способностима за географију и историју,197
1046423409,Катарина,Николић,"ОШ ""Вожд Карађорђе""",Ниш (Медијана),Медијана,ПО.09,Пријемни испит за упис у одељење за ученике са посебним способностима за биологију и хемију,232
1060783009,Катрина,Николић,"ОШ ""Вожд Карађорђе""",Ниш (Медијана),Медијана,ПО.13,Пријемни испит за упис у школу у којој се део наставе остварује на страном језику - енглески језик,14.25
1075324109,Константин,Николић,"ОШ ""Вожд Карађорђе""",Ниш (Медијана),Медијана,ПО.12,Пријемни испит за упис у одељење за ученике са посебним способностима за рачунарство и информатику,188
1096486809,Коста,Николић,"ОШ ""Вожд Карађорђе""",Ниш (Медијана),Медијана,ПО.01,Пријемни испит за упис у одељење за ученике са посебним способностима за филолошке науке - енглески језик (тест на српском),196
1088625309,Коста,Нешковић,"ОШ ""Вожд Карађорђе""",Ниш (Медијана),Медијана,ПМ.01,Пријемни испит за упис у музичку школу на вокално-инструментални одсек - образовни профил музички извођач класичне музике,287
1085639809,Коста,Недељковић,"ОШ ""Вожд Карађорђе""",Ниш (Медијана),Медијана,ПО.12,Пријемни испит за упис у одељење за ученике са посебним способностима за рачунарство и информатику,135
1085639809,Кристина,Недељковић,"ОШ ""Вожд Карађорђе""",Ниш (Медијана),Медијана,ПО.08,Пријемни испит за упис у одељење за ученике са посебним способностима за физику,210
1085543509,Кристина,Мрчић,"ОШ ""Вожд Карађорђе""",Ниш (Медијана),Медијана,ПМ.06,Пријемни испит за упис у музичку школу на одсек за музичку теорију - образовни профил музички сарадник,275
1085543509,Ксенија,Младеновић,"ОШ ""Вожд Карађорђе""",Ниш (Медијана),Медијана,ПЛ.01,Пријемни испит за упис у уметничку школу ликовне уметности,423.66
1087436809,Лазар,Младеновић,"ОШ ""Ћеле-кула""",Ниш (Медијана),Медијана,ПЛ.01,Пријемни испит за упис у уметничку школу ликовне уметности,377.33
1069700109,Лазар,Младеновић,"ОШ ""Ћеле-кула""",Ниш (Медијана),Медијана,ПО.13,Пријемни испит за упис у школу у којој се део наставе остварује на страном језику - енглески језик,18
1089451709,Лазар,Младеновић,"ОШ ""Ћеле-кула""",Ниш (Медијана),Медијана,ПО.10,Пријемни испит за упис у одељење за ученике са посебним способностима за географију и историју,220
1055314409,Лазар,Младеновић,"ОШ ""Ћеле-кула""",Ниш (Медијана),Медијана,ПО.13,Пријемни испит за упис у школу у којој се део наставе остварује на страном језику - енглески језик,18.25
1022159509,Лазар,Мишковић,"ОШ ""Ћеле-кула""",Ниш (Медијана),Медијана,ПО.10,Пријемни испит за упис у одељење за ученике са посебним способностима за географију и историју,220
1084902309,Лана,Мичић,"ОШ ""Ћеле-кула""",Ниш (Медијана),Медијана,ПО.11,Пријемни испит за упис у одељење за ученике са посебним способностима за сценску и аудио-визуелну уметност,140
1077186709,Лана,Михајловић,"ОШ ""Учитељ Таса"" ",Ниш (Медијана),Медијана,ПО.15,Пријемни испит за упис у школу у којој се део наставе остварује на страном језику - француски језик,20
1090181009,Лана,Михајловић,"ОШ ""Учитељ Таса"" ",Ниш (Медијана),Медијана,ПО.11,Пријемни испит за упис у одељење за ученике са посебним способностима за сценску и аудио-визуелну уметност,130
1059401509,Лана,Митровић,"ОШ ""Учитељ Таса"" ",Ниш (Медијана),Медијана,ПЛ.01,Пријемни испит за упис у уметничку школу ликовне уметности,336.01
1038618509,Лана,Митровић,"ОШ ""Учитељ Таса"" ",Ниш (Медијана),Медијана,ПО.13,Пријемни испит за упис у школу у којој се део наставе остварује на страном језику - енглески језик,18
1028663609,Лана,Митровић,"ОШ ""Учитељ Таса"" ",Ниш (Медијана),Медијана,ПО.13,Пријемни испит за упис у школу у којој се део наставе остварује на страном језику - енглески језик,15
1078430609,Лана,Митровић,"ОШ ""Учитељ Таса"" ",Ниш (Медијана),Медијана,ПО.13,Пријемни испит за упис у школу у којој се део наставе остварује на страном језику - енглески језик,17
1076004909,Лана,Митић,"ОШ ""Учитељ Таса"" ",Ниш (Медијана),Медијана,ПО.13,Пријемни испит за упис у школу у којој се део наставе остварује на страном језику - енглески језик,18
1065844009,Лана,Митић,"ОШ ""Учитељ Таса"" ",Ниш (Медијана),Медијана,ПО.13,Пријемни испит за упис у школу у којој се део наставе остварује на страном језику - енглески језик,17.5
1042717709,Лара,Митић,"ОШ ""Учитељ Таса"" ",Ниш (Медијана),Медијана,ПЛ.01,Пријемни испит за упис у уметничку школу ликовне уметности,407.01
1044809609,Лара,Митић,"ОШ ""Учитељ Таса"" ",Ниш (Медијана),Медијана,ПО.13,Пријемни испит за упис у школу у којој се део наставе остварује на страном језику - енглески језик,15
1058818509,Лаура,Митић,"ОШ ""Учитељ Таса"" ",Ниш (Медијана),Медијана,ПО.01,Пријемни испит за упис у одељење за ученике са посебним способностима за филолошке науке - енглески језик (тест на српском),206
1020312009,Леа,Митић,"ОШ ""Учитељ Таса"" ",Ниш (Медијана),Медијана,ПО.13,Пријемни испит за упис у школу у којој се део наставе остварује на страном језику - енглески језик,18.25
1024987709,Леа,Митић,"ОШ ""Учитељ Таса"" ",Ниш (Медијана),Медијана,ПО.15,Пријемни испит за упис у школу у којој се део наставе остварује на страном језику - француски језик,20
1049319309,Леа,Митић,"ОШ ""Учитељ Таса"" ",Ниш (Медијана),Медијана,ПЛ.01,Пријемни испит за упис у уметничку школу ликовне уметности,388.67
1097149009,Леа,Митић,"ОШ ""Учитељ Таса"" ",Ниш (Медијана),Медијана,ПО.12,Пријемни испит за упис у одељење за ученике са посебним способностима за рачунарство и информатику,127
1092924009,Леа,Митић,"ОШ ""Учитељ Таса"" ",Ниш (Медијана),Медијана,ПО.01,Пријемни испит за упис у одељење за ученике са посебним способностима за филолошке науке - енглески језик (тест на српском),136
1057359909,Лена,Митић,"ОШ ""Учитељ Таса"" ",Ниш (Медијана),Медијана,ПО.10,Пријемни испит за упис у одељење за ученике са посебним способностима за географију и историју,180
1014789709,Лена,Митић,"ОШ ""Учитељ Таса"" ",Ниш (Медијана),Медијана,ПО.11,Пријемни испит за упис у одељење за ученике са посебним способностима за сценску и аудио-визуелну уметност,150
1051855109,Лена,Митић,"ОШ ""Учитељ Таса"" ",Ниш (Медијана),Медијана,ПЛ.01,Пријемни испит за упис у уметничку школу ликовне уметности,378.33
1084074009,Лена,Митић,"ОШ ""Учитељ Таса"" ",Ниш (Медијана),Медијана,ПО.01,Пријемни испит за упис у одељење за ученике са посебним способностима за филолошке науке - енглески језик (тест на српском),197
1028488509,Лена,Митић,"ОШ ""Учитељ Таса"" ",Ниш (Медијана),Медијана,ПО.11,Пријемни испит за упис у одељење за ученике са посебним способностима за сценску и аудио-визуелну уметност,190
1085906309,Лена,Митић,"ОШ ""Учитељ Таса"" ",Ниш (Медијана),Медијана,ПО.15,Пријемни испит за упис у школу у којој се део наставе остварује на страном језику - француски језик,18.5
1059078309,Лена,Мирчић,"ОШ ""Учитељ Таса"" ",Ниш (Медијана),Медијана,ПО.12,Пријемни испит за упис у одељење за ученике са посебним способностима за рачунарство и информатику,184
1011626909,Лена,Мирчић,"ОШ ""Учитељ Таса"" ",Ниш (Медијана),Медијана,ПЛ.01,Пријемни испит за упис у уметничку школу ликовне уметности,400.66
1068647109,Лена,Минић,"ОШ ""Учитељ Таса"" ",Ниш (Медијана),Медијана,ПМ.06,Пријемни испит за упис у музичку школу на одсек за музичку теорију - образовни профил музички сарадник,268
1068647109,Лена,Миљковић,"ОШ ""Учитељ Таса"" ",Ниш (Медијана),Медијана,ПМ.01,Пријемни испит за упис у музичку школу на вокално-инструментални одсек - образовни профил музички извођач класичне музике,292
1060849309,Лена,Миљковић,"ОШ ""Учитељ Таса"" ",Ниш (Медијана),Медијана,ПО.10,Пријемни испит за упис у одељење за ученике са посебним способностима за географију и историју,124
1045937709,Лиза,Миљковић,"ОШ ""Учитељ Таса"" ",Ниш (Медијана),Медијана,ПО.15,Пријемни испит за упис у школу у којој се део наставе остварује на страном језику - француски језик,18.75
1045937709,Лола,Миљковић,"ОШ ""Учитељ Таса"" ",Ниш (Медијана),Медијана,ПО.09,Пријемни испит за упис у одељење за ученике са посебним способностима за биологију и хемију,199
1015786009,Лола,Миљковић,"ОШ ""Учитељ Таса"" ",Ниш (Медијана),Медијана,ПО.01,Пријемни испит за упис у одељење за ученике са посебним способностима за филолошке науке - енглески језик (тест на српском),146
1091614209,Лола,Миљковић,"ОШ ""Душан Радовић""",Ниш (Медијана),Медијана,ПМ.01,Пријемни испит за упис у музичку школу на вокално-инструментални одсек - образовни профил музички извођач класичне музике,280
1079062509,Лука,Миљковић,"ОШ ""Душан Радовић""",Ниш (Медијана),Медијана,ПО.15,Пријемни испит за упис у школу у којој се део наставе остварује на страном језику - француски језик,14
1068483909,Лука,Миљковић,"ОШ ""Душан Радовић""",Ниш (Медијана),Медијана,ПО.09,Пријемни испит за упис у одељење за ученике са посебним способностима за биологију и хемију,228
1017615309,Лука,Милутиновић,"ОШ ""Душан Радовић""",Ниш (Медијана),Медијана,ПО.15,Пријемни испит за упис у школу у којој се део наставе остварује на страном језику - француски језик,20
1026853909,Лука,Милошевић,"ОШ ""Душан Радовић""",Ниш (Медијана),Медијана,ПО.13,Пријемни испит за упис у школу у којој се део наставе остварује на страном језику - енглески језик,18.25
1026853909,Лука,Милошевић,"ОШ ""Душан Радовић""",Ниш (Медијана),Медијана,ПО.11,Пријемни испит за упис у одељење за ученике са посебним способностима за сценску и аудио-визуелну уметност,170
1026853909,Лука,Милошевић,"ОШ ""Душан Радовић""",Ниш (Медијана),Медијана,ПО.01,Пријемни испит за упис у одељење за ученике са посебним способностима за филолошке науке - енглески језик (тест на српском),181
1067043909,Лука,Милосављевић,"ОШ ""Душан Радовић""",Ниш (Медијана),Медијана,ПО.12,Пријемни испит за упис у одељење за ученике са посебним способностима за рачунарство и информатику,135
1097682709,Лука,Милојковић,"ОШ ""Душан Радовић""",Ниш (Медијана),Медијана,ПО.09,Пријемни испит за упис у одељење за ученике са посебним способностима за биологију и хемију,226
1092008709,Лука Божидар,Милојковић,"ОШ ""Душан Радовић""",Ниш (Медијана),Медијана,ПО.09,Пријемни испит за упис у одељење за ученике са посебним способностима за биологију и хемију,222
1097145109,Луна,Милојковић,"ОШ ""Душан Радовић""",Ниш (Медијана),Медијана,ПО.10,Пријемни испит за упис у одељење за ученике са посебним способностима за географију и историју,135
1061594609,Луна,Милојевић,"ОШ ""Душан Радовић""",Ниш (Медијана),Медијана,ПО.10,Пријемни испит за упис у одељење за ученике са посебним способностима за географију и историју,200
1036462809,Љубица,Миловановић,"ОШ ""Душан Радовић""",Ниш (Медијана),Медијана,ПО.09,Пријемни испит за упис у одељење за ученике са посебним способностима за биологију и хемију,204
1051812809,Љубица,Милићевић,"ОШ ""Душан Радовић""",Ниш (Медијана),Медијана,ПО.09,Пријемни испит за упис у одељење за ученике са посебним способностима за биологију и хемију,220
1042692109,Магдалена,Милић,"ОШ ""Душан Радовић""",Ниш (Медијана),Медијана,ПЛ.01,Пријемни испит за упис у уметничку школу ликовне уметности,400
1015117909,Мања,Милић,"ОШ ""Душан Радовић""",Ниш (Медијана),Медијана,ПО.13,Пријемни испит за упис у школу у којој се део наставе остварује на страном језику - енглески језик,19.75
1051058509,Мара,Милетић,"ОШ ""Душан Радовић""",Ниш (Медијана),Медијана,ПО.09,Пријемни испит за упис у одељење за ученике са посебним способностима за биологију и хемију,232
1062894709,Марија,Милетић,"ОШ ""Душан Радовић""",Ниш (Медијана),Медијана,ПО.09,Пријемни испит за упис у одељење за ученике са посебним способностима за биологију и хемију,224
1018598909,Мариола,Милетић,"ОШ ""Душан Радовић""",Ниш (Медијана),Медијана,ПО.09,Пријемни испит за упис у одељење за ученике са посебним способностима за биологију и хемију,185
1049614309,Марко,Миленовић,"ОШ ""Душан Радовић""",Ниш (Медијана),Медијана,ПО.12,Пријемни испит за упис у одељење за ученике са посебним способностима за рачунарство и информатику,172
1049614309,Марко,Миленковић,"ОШ ""Душан Радовић""",Ниш (Медијана),Медијана,ПО.08,Пријемни испит за упис у одељење за ученике са посебним способностима за физику,180
1091071509,Марко,Миленковић,"ОШ ""Душан Радовић""",Ниш (Медијана),Медијана,ПО.13,Пријемни испит за упис у школу у којој се део наставе остварује на страном језику - енглески језик,18.5
1091071509,Марко,Миленковић,"ОШ ""Душан Радовић""",Ниш (Медијана),Медијана,ПО.01,Пријемни испит за упис у одељење за ученике са посебним способностима за филолошке науке - енглески језик (тест на српском),155
1063889909,Марко,Миленковић,"ОШ ""Душан Радовић""",Ниш (Медијана),Медијана,ПМ.01,Пријемни испит за упис у музичку школу на вокално-инструментални одсек - образовни профил музички извођач класичне музике,276
1086563409,Марко,Миленковић,"ОШ ""Душан Радовић""",Ниш (Медијана),Медијана,ПО.12,Пријемни испит за упис у одељење за ученике са посебним способностима за рачунарство и информатику,154
1078725209,Марта,Миладиновић,"ОШ ""Душан Радовић""",Ниш (Медијана),Медијана,ПО.09,Пријемни испит за упис у одељење за ученике са посебним способностима за биологију и хемију,195
1078428009,Марта,Мијовић,"ОШ ""Душан Радовић""",Ниш (Медијана),Медијана,ПО.12,Пријемни испит за упис у одељење за ученике са посебним способностима за рачунарство и информатику,151
1070561409,Марта,Међед Јовановић,"ОШ ""Душан Радовић""",Ниш (Медијана),Медијана,ПО.13,Пријемни испит за упис у школу у којој се део наставе остварује на страном језику - енглески језик,17.5
1063563609,Матеа,Међед Јовановић,"ОШ ""Душан Радовић""",Ниш (Медијана),Медијана,ПМ.06,Пријемни испит за упис у музичку школу на одсек за музичку теорију - образовни профил музички сарадник,273
1063563609,Матеја,Матијашевић,"ОШ ""Душан Радовић""",Ниш (Медијана),Медијана,ПО.01,Пријемни испит за упис у одељење за ученике са посебним способностима за филолошке науке - енглески језик (тест на српском),153
1079134609,Матеја,Матијашевић,"ОШ ""Душан Радовић""",Ниш (Медијана),Медијана,ПЛ.01,Пријемни испит за упис у уметничку школу ликовне уметности,383
1049283309,Матеја,Матејић,"ОШ ""Душан Радовић""",Ниш (Медијана),Медијана,ПЛ.01,Пријемни испит за упис у уметничку школу ликовне уметности,406.67
1015680309,Матија,Марковић,"ОШ ""Душан Радовић""",Ниш (Медијана),Медијана,ПО.10,Пријемни испит за упис у одељење за ученике са посебним способностима за географију и историју,140
1024655909,Матија,Марковић,"ОШ ""Душан Радовић""",Ниш (Медијана),Медијана,ПО.12,Пријемни испит за упис у одељење за ученике са посебним способностима за рачунарство и информатику,130
1062812309,Матија,Марковић,"ОШ ""Душан Радовић""",Ниш (Медијана),Медијана,ПО.07,Пријемни испит за упис у одељење за ученике са посебним способностима за математику,160
1035905109,Маша,Марковић,"ОШ ""Душан Радовић""",Ниш (Медијана),Медијана,ПО.13,Пријемни испит за упис у школу у којој се део наставе остварује на страном језику - енглески језик,18.5
1026219709,Маша,Марковић,"ОШ ""Душан Радовић""",Ниш (Медијана),Медијана,ПО.09,Пријемни испит за упис у одељење за ученике са посебним способностима за биологију и хемију,202
1020363809,Маша,Маринковић,"ОШ ""Душан Радовић""",Ниш (Медијана),Медијана,ПЛ.01,Пријемни испит за упис у уметничку школу ликовне уметности,410.33
1059826009,Маша,Маринковић,"ОШ ""Душан Радовић""",Ниш (Медијана),Медијана,ПО.13,Пријемни испит за упис у школу у којој се део наставе остварује на страном језику - енглески језик,18.75
1019249009,Маша,Манчић,"ОШ ""Душан Радовић""",Ниш (Медијана),Медијана,ПО.11,Пријемни испит за упис у одељење за ученике са посебним способностима за сценску и аудио-визуелну уметност,135
1013860609,Меланија,Манчић,"ОШ ""Душан Радовић""",Ниш (Медијана),Медијана,ПО.01,Пријемни испит за упис у одељење за ученике са посебним способностима за филолошке науке - енглески језик (тест на српском),149
1040322509,Миа,Манчић,"ОШ ""Душан Радовић""",Ниш (Медијана),Медијана,ПО.10,Пријемни испит за упис у одељење за ученике са посебним способностима за географију и историју,120
1026301609,Миа,Манчић,"ОШ ""Свети Сава""",Ниш (Медијана),Медијана,ПО.01,Пријемни испит за упис у одељење за ученике са посебним способностима за филолошке науке - енглески језик (тест на српском),198
1057384509,Миа Џесика,Манић,"ОШ ""Свети Сава""",Ниш (Медијана),Медијана,ПО.01,Пријемни испит за упис у одељење за ученике са посебним способностима за филолошке науке - енглески језик (тест на српском),152
1038081409,Мијат,Манић,"ОШ ""Свети Сава""",Ниш (Медијана),Медијана,ПО.01,Пријемни испит за упис у одељење за ученике са посебним способностима за филолошке науке - енглески језик (тест на српском),127
1082465409,Мила,Максимовић,"ОШ ""Свети Сава""",Ниш (Медијана),Медијана,ПО.09,Пријемни испит за упис у одељење за ученике са посебним способностима за биологију и хемију,216
1033507909,Мила,Мадић,"ОШ ""Свети Сава""",Ниш (Медијана),Медијана,ПЛ.01,Пријемни испит за упис у уметничку школу ликовне уметности,431.33
1014521709,Мила,Мадић,"ОШ ""Свети Сава""",Ниш (Медијана),Медијана,ПО.09,Пријемни испит за упис у одељење за ученике са посебним способностима за биологију и хемију,204
1036294909,Мила,Љумовић,"ОШ ""Свети Сава""",Ниш (Медијана),Медијана,ПО.12,Пријемни испит за упис у одељење за ученике са посебним способностима за рачунарство и информатику,128
1018839309,Мила,Љубисављевић,"ОШ ""Свети Сава""",Ниш (Медијана),Медијана,ПО.11,Пријемни испит за упис у одељење за ученике са посебним способностима за сценску и аудио-визуелну уметност,205
1018839309,Мила,Лукић,"ОШ ""Свети Сава""",Ниш (Медијана),Медијана,ПО.01,Пријемни испит за упис у одељење за ученике са посебним способностима за филолошке науке - енглески језик (тест на српском),195
1056561909,Мила,Лукић,"ОШ ""Свети Сава""",Ниш (Медијана),Медијана,ПО.12,Пријемни испит за упис у одељење за ученике са посебним способностима за рачунарство и информатику,136
1017993909,Милан,Лојпур,"ОШ ""Свети Сава""",Ниш (Медијана),Медијана,ПМ.06,Пријемни испит за упис у музичку школу на одсек за музичку теорију - образовни профил музички сарадник,216
1017775509,Милана,Лазовић,"ОШ ""Свети Сава""",Ниш (Медијана),Медијана,ПЛ.01,Пријемни испит за упис у уметничку школу ликовне уметности,375
1048694309,Милена,Лазић,"ОШ ""Свети Сава""",Ниш (Медијана),Медијана,ПО.13,Пријемни испит за упис у школу у којој се део наставе остварује на страном језику - енглески језик,16.5
1090367109,Милија,Лазић,"ОШ ""Свети Сава""",Ниш (Медијана),Медијана,ПО.11,Пријемни испит за упис у одељење за ученике са посебним способностима за сценску и аудио-визуелну уметност,125
1046683709,Милијана,Лазаревић,"ОШ ""Свети Сава""",Ниш (Медијана),Медијана,ПО.01,Пријемни испит за упис у одељење за ученике са посебним способностима за филолошке науке - енглески језик (тест на српском),164
1024047109,Милица,Кутлешић,"ОШ ""Свети Сава""",Ниш (Медијана),Медијана,ПО.13,Пријемни испит за упис у школу у којој се део наставе остварује на страном језику - енглески језик,17.5
1075664409,Милица,Кузмановић,"ОШ ""Свети Сава""",Ниш (Медијана),Медијана,ПО.13,Пријемни испит за упис у школу у којој се део наставе остварује на страном језику - енглески језик,18.5
1078408709,Милица,Крстић,"ОШ ""Свети Сава""",Ниш (Медијана),Медијана,ПО.01,Пријемни испит за упис у одељење за ученике са посебним способностима за филолошке науке - енглески језик (тест на српском),165
1016066809,Милица,Крстић,"ОШ ""Свети Сава""",Ниш (Медијана),Медијана,ПО.01,Пријемни испит за упис у одељење за ученике са посебним способностима за филолошке науке - енглески језик (тест на српском),147
1051372209,Милош,Крстић,"ОШ ""Свети Сава""",Ниш (Медијана),Медијана,ПО.12,Пријемни испит за упис у одељење за ученике са посебним способностима за рачунарство и информатику,152
1025622609,Милутин,Крстић,"ОШ ""Свети Сава""",Ниш (Медијана),Медијана,ПО.11,Пријемни испит за упис у одељење за ученике са посебним способностима за сценску и аудио-визуелну уметност,189
1072088309,Мина,Крстић,"ОШ ""Свети Сава""",Ниш (Медијана),Медијана,ПО.12,Пријемни испит за упис у одељење за ученике са посебним способностима за рачунарство и информатику,126
1066469309,Мина,Крстић,"ОШ ""Свети Сава""",Ниш (Медијана),Медијана,ПО.11,Пријемни испит за упис у одељење за ученике са посебним способностима за сценску и аудио-визуелну уметност,130
1064030409,Мина,Крстић,"ОШ ""Свети Сава""",Ниш (Медијана),Медијана,ПО.13,Пријемни испит за упис у школу у којој се део наставе остварује на страном језику - енглески језик,14.75
1094552309,Мина,Крстић,"ОШ ""Свети Сава""",Ниш (Медијана),Медијана,ПО.01,Пријемни испит за упис у одељење за ученике са посебним способностима за филолошке науке - енглески језик (тест на српском),127
1078070609,Мина,Крстић,"ОШ ""Свети Сава""",Ниш (Медијана),Медијана,ПО.13,Пријемни испит за упис у школу у којој се део наставе остварује на страном језику - енглески језик,18
1048337009,Миња,Крстић,"ОШ ""Свети Сава""",Ниш (Медијана),Медијана,ПО.01,Пријемни испит за упис у одељење за ученике са посебним способностима за филолошке науке - енглески језик (тест на српском),179
1080150709,Миња,Крстић,"ОШ ""Свети Сава""",Ниш (Медијана),Медијана,ПО.08,Пријемни испит за упис у одељење за ученике са посебним способностима за физику,178
1044162609,Миодраг,Крајналић,"ОШ ""Свети Сава""",Ниш (Медијана),Медијана,ПО.01,Пријемни испит за упис у одељење за ученике са посебним способностима за филолошке науке - енглески језик (тест на српском),171
1055782209,Мирјана,Крајналић,"ОШ ""Свети Сава""",Ниш (Медијана),Медијана,ПЛ.01,Пријемни испит за упис у уметничку школу ликовне уметности,407.66
1084775109,Митар,Коцић,"ОШ ""Свети Сава""",Ниш (Медијана),Медијана,ПО.01,Пријемни испит за упис у одељење за ученике са посебним способностима за филолошке науке - енглески језик (тест на српском),180
1050438809,Михаило,Костић,"ОШ ""Свети Сава""",Ниш (Медијана),Медијана,ПО.01,Пријемни испит за упис у одељење за ученике са посебним способностима за филолошке науке - енглески језик (тест на српском),195
1089818209,Михаило,Костић,"ОШ ""Цар Константин""",Ниш (Медијана),Медијана,ПО.12,Пријемни испит за упис у одељење за ученике са посебним способностима за рачунарство и информатику,185
1029990209,Михаило,Костић,"ОШ ""Цар Константин""",Ниш (Медијана),Медијана,ПО.12,Пријемни испит за упис у одељење за ученике са посебним способностима за рачунарство и информатику,135
1024246909,Михаило,Костић,"ОШ ""Цар Константин""",Ниш (Медијана),Медијана,ПО.15,Пријемни испит за упис у школу у којој се део наставе остварује на страном језику - француски језик,19
1034046709,Михаило,Костић,"ОШ ""Цар Константин""",Ниш (Медијана),Медијана,ПО.13,Пријемни испит за упис у школу у којој се део наставе остварује на страном језику - енглески језик,16.25
1063868709,Михаило,Костић,"ОШ ""Цар Константин""",Ниш (Медијана),Медијана,ПО.12,Пријемни испит за упис у одељење за ученике са посебним способностима за рачунарство и информатику,166
1069163509,Михаило,Костић,"ОШ ""Цар Константин""",Ниш (Медијана),Медијана,ПО.08,Пријемни испит за упис у одељење за ученике са посебним способностима за физику,232
1033708509,Михаило,Костић,"ОШ ""Цар Константин""",Ниш (Медијана),Медијана,ПО.10,Пријемни испит за упис у одељење за ученике са посебним способностима за географију и историју,132
1058370109,Михајло,Копања,"ОШ ""Цар Константин""",Ниш (Медијана),Медијана,ПО.01,Пријемни испит за упис у одељење за ученике са посебним способностима за филолошке науке - енглески језик (тест на српском),128
1050688409,Михајло,Константинидис,"ОШ ""Цар Константин""",Ниш (Медијана),Медијана,ПО.01,Пријемни испит за упис у одељење за ученике са посебним способностима за филолошке науке - енглески језик (тест на српском),166
1050688409,Михајло,Китић,"ОШ ""Цар Константин""",Ниш (Медијана),Медијана,ПО.09,Пријемни испит за упис у одељење за ученике са посебним способностима за биологију и хемију,135
1050688409,Михајло,Кијановић,"ОШ ""Цар Константин""",Ниш (Медијана),Медијана,ПО.13,Пријемни испит за упис у школу у којој се део наставе остварује на страном језику - енглески језик,14
1028879209,Михајло,Јоцић,"ОШ ""Цар Константин""",Ниш (Медијана),Медијана,ПЛ.01,Пријемни испит за упис у уметничку школу ликовне уметности,419.33
1072986409,Михајло,Јордановић,"ОШ ""Цар Константин""",Ниш (Медијана),Медијана,ПО.12,Пријемни испит за упис у одељење за ученике са посебним способностима за рачунарство и информатику,123
1011948109,Михајло,Јоксић,"ОШ ""Цар Константин""",Ниш (Медијана),Медијана,ПО.13,Пријемни испит за упис у школу у којој се део наставе остварује на страном језику - енглески језик,18.75
1054817109,Младен,Јовић,"ОШ ""Цар Константин""",Ниш (Медијана),Медијана,ПО.10,Пријемни испит за упис у одељење за ученике са посебним способностима за географију и историју,160
1054817109,Нађа,Јовић,"ОШ ""Цар Константин""",Ниш (Медијана),Медијана,ПО.11,Пријемни испит за упис у одељење за ученике са посебним способностима за сценску и аудио-визуелну уметност,199
1067660009,Нађа,Јовановић,"ОШ ""Цар Константин""",Ниш (Медијана),Медијана,ПЛ.01,Пријемни испит за упис у уметничку школу ликовне уметности,324.33
1061105309,Нађа,Јовановић,"ОШ ""Цар Константин""",Ниш (Медијана),Медијана,ПО.12,Пријемни испит за упис у одељење за ученике са посебним способностима за рачунарство и информатику,138
1089852109,Нађа,Јовановић,"ОШ ""Цар Константин""",Ниш (Медијана),Медијана,ПЛ.01,Пријемни испит за упис у уметничку школу ликовне уметности,440.34
1071905409,Нађа,Јовановић,"ОШ ""Цар Константин""",Ниш (Медијана),Медијана,ПО.09,Пријемни испит за упис у одељење за ученике са посебним способностима за биологију и хемију,139
1071905409,Нађа,Јовановић,"ОШ ""Цар Константин""",Ниш (Медијана),Медијана,ПО.01,Пријемни испит за упис у одељење за ученике са посебним способностима за филолошке науке - енглески језик (тест на српском),179
1012335409,Наталија,Јовановић,"ОШ ""Цар Константин""",Ниш (Медијана),Медијана,ПО.09,Пријемни испит за упис у одељење за ученике са посебним способностима за биологију и хемију,193
1039788009,Наталија,Јовановић,"ОШ ""Цар Константин""",Ниш (Медијана),Медијана,ПО.15,Пријемни испит за упис у школу у којој се део наставе остварује на страном језику - француски језик,19
1051123009,Наталија,Јовановић,"ОШ ""Цар Константин""",Ниш (Медијана),Медијана,ПО.13,Пријемни испит за упис у школу у којој се део наставе остварује на страном језику - енглески језик,18.75
1051123009,Наталија,Јовановић,"ОШ ""Цар Константин""",Ниш (Медијана),Медијана,ПО.12,Пријемни испит за упис у одељење за ученике са посебним способностима за рачунарство и информатику,170
1056902809,Наталија,Јовановић,"ОШ ""Цар Константин""",Ниш (Медијана),Медијана,ПО.15,Пријемни испит за упис у школу у којој се део наставе остварује на страном језику - француски језик,14.5
1038393609,Наталија,Јовановић,"ОШ ""Цар Константин""",Ниш (Медијана),Медијана,ПО.13,Пријемни испит за упис у школу у којој се део наставе остварује на страном језику - енглески језик,15.75
1088872809,Наталија,Јовановић,"ОШ ""Цар Константин""",Ниш (Медијана),Медијана,ПО.15,Пријемни испит за упис у школу у којој се део наставе остварује на страном језику - француски језик,19
1070938709,Нева,Јовановић,"ОШ ""Цар Константин""",Ниш (Медијана),Медијана,ПО.15,Пријемни испит за упис у школу у којој се део наставе остварује на страном језику - француски језик,18
1097866409,Невена,Јовановић,"ОШ ""Цар Константин""",Ниш (Медијана),Медијана,ПО.11,Пријемни испит за упис у одељење за ученике са посебним способностима за сценску и аудио-визуелну уметност,190
1037494109,Невена,Јовановић,"ОШ ""Цар Константин""",Ниш (Медијана),Медијана,ПО.01,Пријемни испит за упис у одељење за ученике са посебним способностима за филолошке науке - енглески језик (тест на српском),170
1024635009,Неда,Јовановић,"ОШ ""Цар Константин""",Ниш (Медијана),Медијана,ПМ.06,Пријемни испит за упис у музичку школу на одсек за музичку теорију - образовни профил музички сарадник,279
1024635009,Неда,Јовановић,"ОШ ""Цар Константин""",Ниш (Медијана),Медијана,ПМ.01,Пријемни испит за упис у музичку школу на вокално-инструментални одсек - образовни профил музички извођач класичне музике,219
1039651709,Неда,Јовановић,"ОШ ""Цар Константин""",Ниш (Медијана),Медијана,ПЛ.01,Пријемни испит за упис у уметничку школу ликовне уметности,423.67
1081357409,Неда,Јовановић,"ОШ ""Цар Константин""",Ниш (Медијана),Медијана,ПО.01,Пријемни испит за упис у одељење за ученике са посебним способностима за филолошке науке - енглески језик (тест на српском),170
1018276009,Немања,Јовановић,"ОШ ""Цар Константин""",Ниш (Медијана),Медијана,ПЛ.01,Пријемни испит за упис у уметничку школу ликовне уметности,469.67
1090419009,Немања,Јовановић,"ОШ ""Цар Константин""",Ниш (Медијана),Медијана,ПО.01,Пријемни испит за упис у одељење за ученике са посебним способностима за филолошке науке - енглески језик (тест на српском),213
1063395609,Немања,Јовановић,"ОШ ""Цар Константин""",Ниш (Медијана),Медијана,ПО.01,Пријемни испит за упис у одељење за ученике са посебним способностима за филолошке науке - енглески језик (тест на српском),156
1078072609,Нера,Јовановић,"ОШ ""Цар Константин""",Ниш (Медијана),Медијана,ПО.07,Пријемни испит за упис у одељење за ученике са посебним способностима за математику,120
1028301409,Никола,Јовановић,"ОШ ""Цар Константин""",Ниш (Медијана),Медијана,ПО.13,Пријемни испит за упис у школу у којој се део наставе остварује на страном језику - енглески језик,15.5
1028301409,Никола,Јовановић,"ОШ ""Цар Константин""",Ниш (Медијана),Медијана,ПО.01,Пријемни испит за упис у одељење за ученике са посебним способностима за филолошке науке - енглески језик (тест на српском),134
1056782009,Никола,Јеленковић,"ОШ ""Цар Константин""",Ниш (Медијана),Медијана,ПО.01,Пријемни испит за упис у одељење за ученике са посебним способностима за филолошке науке - енглески језик (тест на српском),154
1056782009,Никола,Јевтовић,"ОШ ""Цар Константин""",Ниш (Медијана),Медијана,ПО.11,Пријемни испит за упис у одељење за ученике са посебним способностима за сценску и аудио-визуелну уметност,165
1053631809,Никола,Јањић,"ОШ ""Цар Константин""",Ниш (Медијана),Медијана,ПО.09,Пријемни испит за упис у одељење за ученике са посебним способностима за биологију и хемију,130
1019555409,Никола,Јанковић,"ОШ ""Цар Константин""",Ниш (Медијана),Медијана,ПО.13,Пријемни испит за упис у школу у којој се део наставе остварује на страном језику - енглески језик,15.25
1075027709,Никола,Јанковић,"ОШ ""Цар Константин""",Ниш (Медијана),Медијана,ПО.08,Пријемни испит за упис у одељење за ученике са посебним способностима за физику,218
1044185509,Никола,Јанковић,"ОШ ""Цар Константин""",Ниш (Медијана),Медијана,ПО.13,Пријемни испит за упис у школу у којој се део наставе остварује на страном језику - енглески језик,15.75
1044185509,Никола,Јанкетић,"ОШ ""Цар Константин""",Ниш (Медијана),Медијана,ПО.09,Пријемни испит за упис у одељење за ученике са посебним способностима за биологију и хемију,183
1079616809,Никола,Јаначковић,"ОШ ""Вожд Карађорђе""",Алексинац,Алексинац,ПО.16,Пријемни испит за упис у школу у којој се део наставе остварује на страном језику - руски језик,15.5
1069527409,Никола,Јанаћковић,"ОШ ""Вожд Карађорђе""",Алексинац,Алексинац,ПО.16,Пријемни испит за упис у школу у којој се део наставе остварује на страном језику - руски језик,17
1091198009,Никола,Илић,"ОШ ""Вожд Карађорђе""",Алексинац,Алексинац,ПО.16,Пријемни испит за упис у школу у којој се део наставе остварује на страном језику - руски језик,16.5
1042567609,Николија,Илић,"ОШ ""Вожд Карађорђе""",Алексинац,Алексинац,ПО.16,Пријемни испит за упис у школу у којој се део наставе остварује на страном језику - руски језик,18
1014848009,Николија,Илић,"ОШ ""Вожд Карађорђе""",Алексинац,Алексинац,ПО.16,Пријемни испит за упис у школу у којој се део наставе остварује на страном језику - руски језик,14
1080280409,Николина,Илић,"ОШ ""Вожд Карађорђе""",Алексинац,Алексинац,ПЛ.01,Пријемни испит за упис у уметничку школу ликовне уметности,390.67
1014388909,Николина,Илић,"ОШ ""Вожд Карађорђе""",Алексинац,Алексинац,ПО.16,Пријемни испит за упис у школу у којој се део наставе остварује на страном језику - руски језик,15
1012913209,Николина,Илић,"ОШ ""Љупче Николић""",Алексинац,Алексинац,ПМ.01,Пријемни испит за упис у музичку школу на вокално-инструментални одсек - образовни профил музички извођач класичне музике,247
1085447609,Нина,Илић,"ОШ ""Љупче Николић""",Алексинац,Алексинац,ПМ.01,Пријемни испит за упис у музичку школу на вокално-инструментални одсек - образовни профил музички извођач класичне музике,246
1055372809,Нина,Илић,"ОШ ""Љупче Николић""",Алексинац,Алексинац,ПО.16,Пријемни испит за упис у школу у којој се део наставе остварује на страном језику - руски језик,14
1038617809,Нина,Илић,"ОШ ""Љупче Николић""",Алексинац,Алексинац,ПО.16,Пријемни испит за упис у школу у којој се део наставе остварује на страном језику - руски језик,14
1071781909,Нина,Илић,"ОШ ""Љупче Николић""",Алексинац,Алексинац,ПМ.01,Пријемни испит за упис у музичку школу на вокално-инструментални одсек - образовни профил музички извођач класичне музике,287
1020941809,Нина,Илић,"ОШ ""Љупче Николић""",Алексинац,Алексинац,ПО.16,Пријемни испит за упис у школу у којој се део наставе остварује на страном језику - руски језик,14.5
1070329909,Нина,Илић,"ОШ ""Љупче Николић""",Алексинац,Алексинац,ПО.16,Пријемни испит за упис у школу у којој се део наставе остварује на страном језику - руски језик,16.5
1018310209,Нина,Илић,"ОШ ""Љупче Николић""",Алексинац,Алексинац,ПО.16,Пријемни испит за упис у школу у којој се део наставе остварује на страном језику - руски језик,18
1075540409,Нора,Игњатовић,"ОШ ""Љупче Николић""",Алексинац,Алексинац,ПО.16,Пријемни испит за упис у школу у којој се део наставе остварује на страном језику - руски језик,18
1033039509,Огњен,Игић Обрадовић,"ОШ ""Љупче Николић""",Алексинац,Алексинац,ПО.16,Пријемни испит за упис у школу у којој се део наставе остварује на страном језику - руски језик,18
1070998809,Огњен,Ивковић,"ОШ ""Љупче Николић""",Алексинац,Алексинац,ПО.16,Пријемни испит за упис у школу у којој се део наставе остварује на страном језику - руски језик,15
1076106909,Огњен,Ивановић,"ОШ ""Љупче Николић""",Алексинац,Алексинац,ПО.09,Пријемни испит за упис у одељење за ученике са посебним способностима за биологију и хемију,150
1092501009,Огњен,Ивановић,"ОШ ""Љупче Николић""",Алексинац,Алексинац,ПО.16,Пријемни испит за упис у школу у којој се део наставе остварује на страном језику - руски језик,16
1011156909,Огњен,Ивановић,"ОШ ""Љупче Николић""",Алексинац,Алексинац,ПО.16,Пријемни испит за упис у школу у којој се део наставе остварује на страном језику - руски језик,15.5
1041073609,Огњен,Иванов,"ОШ ""Љупче Николић""",Алексинац,Алексинац,ПО.16,Пријемни испит за упис у школу у којој се део наставе остварује на страном језику - руски језик,16.5
1076751209,Олга,Иванов,"ОШ ""Љупче Николић""",Алексинац,Алексинац,ПО.16,Пријемни испит за упис у школу у којој се део наставе остварује на страном језику - руски језик,18
1088723309,Павле,Иванов,"ОШ ""Јован Јовановић Змај""",Алексиначки Рудник,Алексинац,ПО.16,Пријемни испит за упис у школу у којој се део наставе остварује на страном језику - руски језик,17
1046362309,Павле,Златковић,"ОШ ""Јован Јовановић Змај""",Алексиначки Рудник,Алексинац,ПО.13,Пријемни испит за упис у школу у којој се део наставе остварује на страном језику - енглески језик,19.5
1017347209,Павле,Златковић,"ОШ ""Јован Јовановић Змај""",Алексиначки Рудник,Алексинац,ПЛ.01,Пријемни испит за упис у уметничку школу ликовне уметности,378.34
1049071709,Павле,Златковић,"ОШ ""Вук Караџић""",Житковац,Алексинац,ПО.16,Пријемни испит за упис у школу у којој се део наставе остварује на страном језику - руски језик,19
1040303709,Павле,Златковић,"ОШ ""Вук Караџић""",Житковац,Алексинац,ПО.16,Пријемни испит за упис у школу у којој се део наставе остварује на страном језику - руски језик,14
1053450909,Петар,Здравковић,"ОШ ""Вук Караџић""",Житковац,Алексинац,ПО.16,Пријемни испит за упис у школу у којој се део наставе остварује на страном језику - руски језик,20
1079652009,Петар,Здравковић,"ОШ ""Стојан Живковић Столе""",Трњане,Алексинац,ПО.16,Пријемни испит за упис у школу у којој се део наставе остварује на страном језику - руски језик,19
1058720909,Петар,Здравковић,"ОШ ""Јастребачки партизани""",Мерошина,Мерошина,ПО.11,Пријемни испит за упис у одељење за ученике са посебним способностима за сценску и аудио-визуелну уметност,120
1068495509,Петар,Здравковић,"ОШ ""Јастребачки партизани""",Мерошина,Мерошина,ПЛ.01,Пријемни испит за упис у уметничку школу ликовне уметности,358.33
1094530009,Петар,Здравковић,"ОШ ""Јастребачки партизани""",Мерошина,Мерошина,ПО.08,Пријемни испит за упис у одељење за ученике са посебним способностима за физику,121
1012495109,Петар,Живковић,"ОШ ""Јастребачки партизани""",Мерошина,Мерошина,ПЛ.01,Пријемни испит за упис у уметничку школу ликовне уметности,367.33
1038909609,Петар,Живковић,"ОШ ""Вук Караџић""",Дољевац,Дољевац,ПО.08,Пријемни испит за упис у одељење за ученике са посебним способностима за физику,174
1073666809,Петар,Живковић,"ОШ ""Вук Караџић""",Дољевац,Дољевац,ПЛ.01,Пријемни испит за упис у уметничку школу ликовне уметности,370.34
1046951009,Петар,Живковић,"ОШ ""Вук Караџић""",Дољевац,Дољевац,ПО.15,Пријемни испит за упис у школу у којој се део наставе остварује на страном језику - француски језик,15.5
1016840109,Петар,Живковић,"ОШ ""Витко и Света""",Гаџин Хан,Гаџин Хан,ПЛ.01,Пријемни испит за упис у уметничку школу ликовне уметности,382.33
1095855109,Петар,Живковић,"ОШ ""Стојан Новаковић""",Блаце,Блаце,Топлички управни округ,ПО.12,Пријемни испит за упис у одељење за ученике са посебним способностима за рачунарство и информатику,150
1033528809,Петра,Живковић,"ОШ ""Стојан Новаковић""",Блаце,Блаце,Топлички управни округ,ПО.12,Пријемни испит за упис у одељење за ученике са посебним способностима за рачунарство и информатику,178
1087925609,Петра,Живковић,"ОШ ""Стојан Новаковић""",Блаце,Блаце,Топлички управни округ,ПО.12,Пријемни испит за упис у одељење за ученике са посебним способностима за рачунарство и информатику,166
1097100909,Петра,Живановић,"ОШ ""Стојан Новаковић""",Блаце,Блаце,Топлички управни округ,ПО.01,Пријемни испит за упис у одељење за ученике са посебним способностима за филолошке науке - енглески језик (тест на српском),200
1031902109,Петра,Живановић,"ОШ ""Топлички Хероји""",Житорађа,Житорађа,Топлички управни округ,ПО.12,Пријемни испит за упис у одељење за ученике са посебним способностима за рачунарство и информатику,152
1054534909,Петра,Ђурић,"ОШ ""Топлички Хероји""",Житорађа,Житорађа,Топлички управни округ,ПО.12,Пријемни испит за упис у одељење за ученике са посебним способностима за рачунарство и информатику,155
1048682009,Радош,Ђошић,"ОШ ""Топлички Хероји""",Житорађа,Житорађа,Топлички управни округ,ПО.12,Пријемни испит за упис у одељење за ученике са посебним способностима за рачунарство и информатику,121
1065008509,Растко,Ђорић,"ОШ ""Милоје Закић""",Куршумлија,Куршумлија,Топлички управни округ,ПО.12,Пријемни испит за упис у одељење за ученике са посебним способностима за рачунарство и информатику,139
1018729109,Рафаило,Ђорђевић,"ОШ ""Милоје Закић""",Куршумлија,Куршумлија,Топлички управни округ,ПО.12,Пријемни испит за упис у одељење за ученике са посебним способностима за рачунарство и информатику,133
1060207909,Сава,Ђорђевић,"ОШ ""Дринка Павловић""",Куршумлија,Куршумлија,Топлички управни округ,ПМ.06,Пријемни испит за упис у музичку школу на одсек за музичку теорију - образовни профил музички сарадник,243
1032125409,Сава,Ђорђевић,"ОШ ""Дринка Павловић""",Куршумлија,Куршумлија,Топлички управни округ,ПЛ.01,Пријемни испит за упис у уметничку школу ликовне уметности,403
1095626309,Сава,Ђорђевић,"ОШ ""9. октобар""",Прокупље,Прокупље,Топлички управни округ,ПЛ.01,Пријемни испит за упис у уметничку школу ликовне уметности,420
1040349509,Сара,Ђорђевић,"ОШ ""9. октобар""",Прокупље,Прокупље,Топлички управни округ,ПЛ.01,Пријемни испит за упис у уметничку школу ликовне уметности,410.64
1090505609,Сара,Ђорђевић,"ОШ ""Ратко Павловић Ћићко""",Прокупље,Прокупље,Топлички управни округ,ПО.11,Пријемни испит за упис у одељење за ученике са посебним способностима за сценску и аудио-визуелну уметност,140
1020836609,Сара,Ђорђевић,"ОШ ""Никодије Стојановић Татко""",Прокупље,Прокупље,Топлички управни округ,ПО.12,Пријемни испит за упис у одељење за ученике са посебним способностима за рачунарство и информатику,122
1059076609,Сара,Ђорђевић,"ОШ ""Никодије Стојановић Татко""",Прокупље,Прокупље,Топлички управни округ,ПО.12,Пријемни испит за упис у одељење за ученике са посебним способностима за рачунарство и информатику,128
1062008209,Сара,Ђорђевић,"ОШ ""Никодије Стојановић Татко""",Прокупље,Прокупље,Топлички управни округ,ПО.12,Пријемни испит за упис у одељење за ученике са посебним способностима за рачунарство и информатику,138
1043307609,Сара,Ђорђевић,"ОШ ""Никодије Стојановић Татко""",Прокупље,Прокупље,Топлички управни округ,ПО.12,Пријемни испит за упис у одељење за ученике са посебним способностима за рачунарство и информатику,129
1022930909,Сара,Ђорђевић,"ОШ ""Никодије Стојановић Татко""",Прокупље,Прокупље,Топлички управни округ,ПЛ.01,Пријемни испит за упис у уметничку школу ликовне уметности,389.67
1018082109,Сара,Ђорђевић,"ОШ ""Христо Ботев""",Димитровград,Димитровград,Пиротски управни округ,ПО.09,Пријемни испит за упис у одељење за ученике са посебним способностима за биологију и хемију,228
1078192909,Сара,Ђокић,"ОШ ""Вук Караџић""",Пирот,Пирот,Пиротски управни округ,ПО.12,Пријемни испит за упис у одељење за ученике са посебним способностима за рачунарство и информатику,123
1058558409,Сергеј,Ђокић,"ОШ ""Вук Караџић""",Пирот,Пирот,Пиротски управни округ,ПО.15,Пријемни испит за упис у школу у којој се део наставе остварује на страном језику - француски језик,20
1095214609,Сергеј,Ђокић,"ОШ ""Вук Караџић""",Пирот,Пирот,Пиротски управни округ,ПО.15,Пријемни испит за упис у школу у којој се део наставе остварује на страном језику - француски језик,19
1016424209,Сергеј,Ђокић,"ОШ ""Вук Караџић""",Пирот,Пирот,Пиротски управни округ,ПО.12,Пријемни испит за упис у одељење за ученике са посебним способностима за рачунарство и информатику,128
1042473609,Сергеј,Ђокић,"ОШ ""Вук Караџић""",Пирот,Пирот,Пиротски управни округ,ПО.12,Пријемни испит за упис у одељење за ученике са посебним способностима за рачунарство и информатику,151
1042473609,Сергеј,Дудић,"ОШ ""Вук Караџић""",Пирот,Пирот,Пиротски управни округ,ПО.15,Пријемни испит за упис у школу у којој се део наставе остварује на страном језику - француски језик,17.5
1023295409,Симонида,Дракул,"ОШ ""Вук Караџић""",Пирот,Пирот,Пиротски управни округ,ПО.15,Пријемни испит за упис у школу у којој се део наставе остварује на страном језику - француски језик,16.5
1034532109,Софија,Драгоњић,"ОШ ""Вук Караџић""",Пирот,Пирот,Пиротски управни округ,ПО.12,Пријемни испит за упис у одељење за ученике са посебним способностима за рачунарство и информатику,161
1017684909,Софија,Драгишић,"ОШ ""Вук Караџић""",Пирот,Пирот,Пиротски управни округ,ПО.15,Пријемни испит за упис у школу у којој се део наставе остварује на страном језику - француски језик,18.5
1031095409,Софија,Динић,"ОШ ""Вук Караџић""",Пирот,Пирот,Пиротски управни округ,ПО.15,Пријемни испит за упис у школу у којој се део наставе остварује на страном језику - француски језик,19.5
1043077109,Софија,Димић,"ОШ ""Вук Караџић""",Пирот,Пирот,Пиротски управни округ,ПО.15,Пријемни испит за упис у школу у којој се део наставе остварује на страном језику - француски језик,14
1092146209,Софија,Димић,"ОШ ""Вук Караџић""",Пирот,Пирот,Пиротски управни округ,ПО.15,Пријемни испит за упис у школу у којој се део наставе остварује на страном језику - француски језик,19
1095762109,Софија,Димитријевић,"ОШ ""Вук Караџић""",Пирот,Пирот,Пиротски управни округ,ПО.12,Пријемни испит за упис у одељење за ученике са посебним способностима за рачунарство и информатику,129
1043614109,Софија,Димитријевић,"ОШ ""Вук Караџић""",Пирот,Пирот,Пиротски управни округ,ПО.15,Пријемни испит за упис у школу у којој се део наставе остварује на страном језику - француски језик,18.5
1098700809,Софија,Денић,"ОШ ""Вук Караџић""",Пирот,Пирот,Пиротски управни округ,ПО.15,Пријемни испит за упис у школу у којој се део наставе остварује на страном језику - француски језик,16
1032623009,Софија,Демировић,"ОШ ""Вук Караџић""",Пирот,Пирот,Пиротски управни округ,ПО.15,Пријемни испит за упис у школу у којој се део наставе остварује на страном језику - француски језик,19
1024345209,Сташа,Дамњановић,"ОШ ""Вук Караџић""",Пирот,Пирот,Пиротски управни округ,ПО.15,Пријемни испит за упис у школу у којој се део наставе остварује на страном језику - француски језик,20
1025524809,Сташа,Грујовић,"ОШ ""Вук Караџић""",Пирот,Пирот,Пиротски управни округ,ПО.15,Пријемни испит за упис у школу у којој се део наставе остварује на страном језику - француски језик,14
1057508009,Сташа,Грујовић,"ОШ ""Вук Караџић""",Пирот,Пирот,Пиротски управни округ,ПО.15,Пријемни испит за упис у школу у којој се део наставе остварује на страном језику - француски језик,18
1071925209,Сташа,Гроздановић,"ОШ ""Вук Караџић""",Пирот,Пирот,Пиротски управни округ,ПО.15,Пријемни испит за упис у школу у којој се део наставе остварује на страном језику - француски језик,17.5
1071570909,Сташа,Гроздановић,"ОШ ""Вук Караџић""",Пирот,Пирот,Пиротски управни округ,ПО.15,Пријемни испит за упис у школу у којој се део наставе остварује на страном језику - француски језик,18
1071773009,Стефан,Гојковић,"ОШ ""Вук Караџић""",Пирот,Пирот,Пиротски управни округ,ПО.15,Пријемни испит за упис у школу у којој се део наставе остварује на страном језику - француски језик,20
1095538309,Стефан,Гашевић,"ОШ ""Вук Караџић""",Пирот,Пирот,Пиротски управни округ,ПО.15,Пријемни испит за упис у школу у којој се део наставе остварује на страном језику - француски језик,19
1046095909,Стефан,Гак,"ОШ ""Вук Караџић""",Пирот,Пирот,Пиротски управни округ,ПО.15,Пријемни испит за упис у школу у којој се део наставе остварује на страном језику - француски језик,20
1029023009,Стефан,Гавриловић,"ОШ ""Вук Караџић""",Пирот,Пирот,Пиротски управни округ,ПО.15,Пријемни испит за упис у школу у којој се део наставе остварује на страном језику - француски језик,15.5
1029023009,Стефан,Вулић,"ОШ ""Вук Караџић""",Пирот,Пирот,Пиротски управни округ,ПО.12,Пријемни испит за упис у одељење за ученике са посебним способностима за рачунарство и информатику,126
1036886509,Стефан,Вулић,"ОШ ""Вук Караџић""",Пирот,Пирот,Пиротски управни округ,ПО.15,Пријемни испит за упис у школу у којој се део наставе остварује на страном језику - француски језик,20
1070232209,Страхиња,Вукићевић,"ОШ ""Вук Караџић""",Пирот,Пирот,Пиротски управни округ,ПО.15,Пријемни испит за упис у школу у којој се део наставе остварује на страном језику - француски језик,14
1037887309,Страхиња,Вукашиновић,"ОШ ""Вук Караџић""",Пирот,Пирот,Пиротски управни округ,ПО.15,Пријемни испит за упис у школу у којој се део наставе остварује на страном језику - француски језик,18
1079942409,Страхиња,Вукајловић,"ОШ ""Вук Караџић""",Пирот,Пирот,Пиротски управни округ,ПО.15,Пријемни испит за упис у школу у којој се део наставе остварује на страном језику - француски језик,17.5
1058838909,Страхиња,Вујовић,"ОШ ""Вук Караџић""",Пирот,Пирот,Пиротски управни округ,ПО.12,Пријемни испит за упис у одељење за ученике са посебним способностима за рачунарство и информатику,125
1086287209,Тамара,Вујић,"ОШ ""8. септембар""",Пирот,Пирот,Пиротски управни округ,ПО.15,Пријемни испит за упис у школу у којој се део наставе остварује на страном језику - француски језик,15
1073811209,Тамара,Војновић,"ОШ ""8. септембар""",Пирот,Пирот,Пиротски управни округ,ПО.15,Пријемни испит за упис у школу у којој се део наставе остварује на страном језику - француски језик,20
1054262009,Тара,Војиновић,"ОШ ""8. септембар""",Пирот,Пирот,Пиротски управни округ,ПО.12,Пријемни испит за упис у одељење за ученике са посебним способностима за рачунарство и информатику,126
1015146609,Тара,Вилчек,"ОШ ""8. септембар""",Пирот,Пирот,Пиротски управни округ,ПО.15,Пријемни испит за упис у школу у којој се део наставе остварује на страном језику - француски језик,15
1021125809,Тара,Веселиновић,"ОШ ""8. септембар""",Пирот,Пирот,Пиротски управни округ,ПО.12,Пријемни испит за упис у одељење за ученике са посебним способностима за рачунарство и информатику,139
1053957809,Теа,Вељковић,"ОШ ""8. септембар""",Пирот,Пирот,Пиротски управни округ,ПО.13,Пријемни испит за упис у школу у којој се део наставе остварује на страном језику - енглески језик,16.5
1020500809,Теа,Вељковић,"ОШ ""8. септембар""",Пирот,Пирот,Пиротски управни округ,ПО.15,Пријемни испит за упис у школу у којој се део наставе остварује на страном језику - француски језик,18
1059577309,Теодор,Вељковић,"ОШ ""8. септембар""",Пирот,Пирот,Пиротски управни округ,ПО.15,Пријемни испит за упис у школу у којој се део наставе остварује на страном језику - француски језик,16
1068254009,Теодора,Вељић,"ОШ ""8. септембар""",Пирот,Пирот,Пиротски управни округ,ПО.15,Пријемни испит за упис у школу у којој се део наставе остварује на страном језику - француски језик,15
1085766609,Теодора,Вељић,"ОШ ""8. септембар""",Пирот,Пирот,Пиротски управни округ,ПО.12,Пријемни испит за упис у одељење за ученике са посебним способностима за рачунарство и информатику,120
1094154509,Теодора,Васић,"ОШ ""8. септембар""",Пирот,Пирот,Пиротски управни округ,ПО.12,Пријемни испит за упис у одељење за ученике са посебним способностима за рачунарство и информатику,134
1078529709,Теодора,Валентини,"ОШ ""8. септембар""",Пирот,Пирот,Пиротски управни округ,ПО.15,Пријемни испит за упис у школу у којој се део наставе остварује на страном језику - француски језик,17.5
1060290909,Тодор,Булатовић,"ОШ ""8. септембар""",Пирот,Пирот,Пиротски управни округ,ПО.12,Пријемни испит за упис у одељење за ученике са посебним способностима за рачунарство и информатику,149
1082219609,Тодор,Брковић,"ОШ ""Свети Сава""",Пирот,Пирот,Пиротски управни округ,ПО.15,Пријемни испит за упис у школу у којој се део наставе остварује на страном језику - француски језик,19
1054133809,Тодор,Брковић,"ОШ ""Свети Сава""",Пирот,Пирот,Пиротски управни округ,ПО.12,Пријемни испит за упис у одељење за ученике са посебним способностима за рачунарство и информатику,122
1023503709,Томислав,Богдановић,"ОШ ""Свети Сава""",Пирот,Пирот,Пиротски управни округ,ПО.12,Пријемни испит за упис у одељење за ученике са посебним способностима за рачунарство и информатику,129
1023503709,Уна,Беган,"ОШ ""Свети Сава""",Пирот,Пирот,Пиротски управни округ,ПО.15,Пријемни испит за упис у школу у којој се део наставе остварује на страном језику - француски језик,16
1059987809,Урош,Балчин,"ОШ ""Свети Сава""",Пирот,Пирот,Пиротски управни округ,ПО.15,Пријемни испит за упис у школу у којој се део наставе остварује на страном језику - француски језик,15
1013777009,Урош,Аћимовић,"ОШ ""Свети Сава""",Пирот,Пирот,Пиротски управни округ,ПМ.01,Пријемни испит за упис у музичку школу на вокално-инструментални одсек - образовни профил музички извођач класичне музике,290
1048972309,Урош,Арсић,"ОШ ""Свети Сава""",Пирот,Пирот,Пиротски управни округ,ПО.12,Пријемни испит за упис у одељење за ученике са посебним способностима за рачунарство и информатику,156
1095854009,Урош,Арсенијевић,"ОШ ""Свети Сава""",Пирот,Пирот,Пиротски управни округ,ПО.15,Пријемни испит за упис у школу у којој се део наставе остварује на страном језику - француски језик,14
1021817109,Урош,Армстронг,"ОШ ""Свети Сава""",Пирот,Пирот,Пиротски управни округ,ПМ.06,Пријемни испит за упис у музичку школу на одсек за музичку теорију - образовни профил музички сарадник,289
1076993609,Филип,Антић,"ОШ ""Свети Сава""",Пирот,Пирот,Пиротски управни округ,ПО.15,Пријемни испит за упис у школу у којој се део наставе остварује на страном језику - француски језик,16
1043406409,Филип,Антић,"ОШ ""Свети Сава""",Пирот,Пирот,Пиротски управни округ,ПО.15,Пријемни испит за упис у школу у којој се део наставе остварује на страном језику - француски језик,16.5
1021809909,Филип,Анђелковић,"ОШ ""Свети Сава""",Пирот,Пирот,Пиротски управни округ,ПО.15,Пријемни испит за упис у школу у којој се део наставе остварује на страном језику - француски језик,15
1021809909,Хана,Анђелковић,"ОШ ""Свети Сава""",Пирот,Пирот,Пиротски управни округ,ПО.12,Пријемни испит за упис у одељење за ученике са посебним способностима за рачунарство и информатику,124
1025403509,Хелена,Андрејић,"ОШ ""Свети Сава""",Пирот,Пирот,Пиротски управни округ,ПО.15,Пријемни испит за упис у школу у којој се део наставе остварује на страном језику - француски језик,14
1079363509,Хелена,Алексов,"ОШ ""Деспот Стефан Лазаревић""",Бабушница,Бабушница,Пиротски управни округ,ПО.13,Пријемни испит за упис у школу у којој се део наставе остварује на страном језику - енглески језик,15.25
1027174609,Хелена,Алексић,"ОШ ""Љупче Шпанац""",Бела Паланка,Бела Паланка,Пиротски управни округ,ПЛ.01,Пријемни испит за упис у уметничку школу ликовне уметности,372.34
1041465909,Хелена,Адамовић,"ОШ ""Љупче Шпанац""",Бела Паланка,Бела Паланка,Пиротски управни округ,ПЛ.01,Пријемни испит за упис у уметничку школу ликовне уметности,445
1055562309,Христина,Адамовић,"ОШ ""Јован Аранђеловић""",Црвена Река,Бела Паланка,Пиротски управни округ,ПЛ.01,Пријемни испит за упис у уметничку школу ликовне уметности,421.33


